--------------------------------------------------------
--  File created - Utorok-decembra-01-2015   
--------------------------------------------------------
--------------------------------------------------------
--  DDL for Type KONTAKT
--------------------------------------------------------

  CREATE OR REPLACE TYPE "SUROVIAK3"."KONTAKT" as OBJECT(
typ varchar2(20),
hodnota varchar2(50));

/
--------------------------------------------------------
--  DDL for Type PERSON
--------------------------------------------------------

  CREATE OR REPLACE TYPE "SUROVIAK3"."PERSON" is Object(
rodne_cislo Char(11),
meno Varchar2(50),
priezvisko Varchar2(50),
kontakty pole_kontaktov,
CONSTRUCTOR FUNCTION Person( p_rod_cislo Varchar2,p_meno varchar2, p_priezvisko varchar2) RETURN SELF AS RESULT,
MEMBER FUNCTION vypis return Varchar2,
MEMBER FUNCTION vypis_kontaktov return Varchar2,
Member PROCEDURE pridaj_kontakt(pole in out pole_kontaktov,typ Varchar2, kont Varchar2),
Member PROCEDURE odober_kontakt(p_index integer)
);
/
CREATE OR REPLACE TYPE BODY "SUROVIAK3"."PERSON" AS

CONSTRUCTOR FUNCTION Person( p_rod_cislo Varchar2,p_meno varchar2, p_priezvisko varchar2) RETURN SELF AS RESULT is
BEGIN
    meno:=p_meno;
    priezvisko:=p_priezvisko;
    rodne_cislo:=p_rod_cislo;
    kontakty:=pole_kontaktov();
    return;
  END;
  
MEMBER FUNCTION vypis return Varchar2 is
begin
  return meno||' '||priezvisko||' '||rodne_cislo;
end;

MEMBER FUNCTION vypis_kontaktov return Varchar2 is
ret varchar2(100);
begin
  if kontakty.count = 0 then
  
  ret:='osoba nema ziadne kontakty';
  return ret; 
  end if;
  for i in 1..kontakty.last loop
    if kontakty.exists(i) then 
      ret:=ret||kontakty(i).typ||' '||kontakty(i).hodnota||', ';
    end if;
  end loop;
  return ret;
end;

Member PROCEDURE pridaj_kontakt(pole in out pole_kontaktov,typ Varchar2, kont Varchar2)IS
 ko t_kontakt;
begin
  pole := kontakty;
  pole.extend();
  pole(pole.last) := t_kontakt(typ, kont);
end;
  
Member PROCEDURE odober_kontakt(p_index integer) is 
begin
  if kontakty.exists(p_index) then 
    kontakty.delete(p_index);
  end if;
end;
END;

/
--------------------------------------------------------
--  DDL for Type POLE_KONTAKTOV
--------------------------------------------------------

  CREATE OR REPLACE TYPE "SUROVIAK3"."POLE_KONTAKTOV" is table of t_kontakt;

/
--------------------------------------------------------
--  DDL for Type T_KONTAKT
--------------------------------------------------------

  CREATE OR REPLACE TYPE "SUROVIAK3"."T_KONTAKT" as OBJECT(
typ varchar2(20),
hodnota varchar2(50))
 alter type t_kontakt add member function vypis return varchar2 cascade
/
CREATE OR REPLACE TYPE BODY "SUROVIAK3"."T_KONTAKT" as
member function vypis return varchar2 
as
begin
return typ||': '||hodnota;
end;
END;

/
--------------------------------------------------------
--  DDL for Type T_KONTAKTY
--------------------------------------------------------

  CREATE OR REPLACE TYPE "SUROVIAK3"."T_KONTAKTY" IS TABLE OF t_kontakt;

/
--------------------------------------------------------
--  DDL for Sequence MAJ_SEQ
--------------------------------------------------------

   CREATE SEQUENCE  "SUROVIAK3"."MAJ_SEQ"  MINVALUE 1 MAXVALUE 9999999999999999999999999999 INCREMENT BY 1 START WITH 1060 CACHE 20 NOORDER  NOCYCLE ;
--------------------------------------------------------
--  DDL for Sequence MAT_SEQ
--------------------------------------------------------

   CREATE SEQUENCE  "SUROVIAK3"."MAT_SEQ"  MINVALUE 1 MAXVALUE 9999999999999999999999999999 INCREMENT BY 1 START WITH 1020 CACHE 20 NOORDER  NOCYCLE ;
--------------------------------------------------------
--  DDL for Sequence ODD_SEQ
--------------------------------------------------------

   CREATE SEQUENCE  "SUROVIAK3"."ODD_SEQ"  MINVALUE 1 MAXVALUE 9999999999999999999999999999 INCREMENT BY 1 START WITH 1000 CACHE 20 NOORDER  NOCYCLE ;
--------------------------------------------------------
--  DDL for Table AKTIVITA
--------------------------------------------------------

  CREATE TABLE "SUROVIAK3"."AKTIVITA" 
   (	"CAS_USKUTOCNENIA" TIMESTAMP (6), 
	"OSOBNE_CISLO" NUMBER(*,0), 
	"ID_TYPU_AKTIVITY" NUMBER(*,0), 
	"ID_MATERIALU" NUMBER(*,0), 
	"ID_MAJETOK" NUMBER(*,0), 
	"CENA" NUMBER(10,2), 
	"POPIS" VARCHAR2(20 BYTE), 
	"POCET_MATERIALU" NUMBER(*,0), 
	"TRVANIE_AKTIVITY" NUMBER(*,0)
   ) SEGMENT CREATION IMMEDIATE 
  PCTFREE 10 PCTUSED 40 INITRANS 1 MAXTRANS 255 NOCOMPRESS LOGGING
  STORAGE(INITIAL 65536 NEXT 1048576 MINEXTENTS 1 MAXEXTENTS 2147483645
  PCTINCREASE 0 FREELISTS 1 FREELIST GROUPS 1 BUFFER_POOL DEFAULT FLASH_CACHE DEFAULT CELL_FLASH_CACHE DEFAULT)
  TABLESPACE "USERS" ;
--------------------------------------------------------
--  DDL for Table BLOB_TABLE
--------------------------------------------------------

  CREATE TABLE "SUROVIAK3"."BLOB_TABLE" 
   (	"ID" NUMBER(38,0), 
	"NAZOV" VARCHAR2(60 BYTE), 
	"ADRESAR" VARCHAR2(60 BYTE), 
	"SUBOR" BLOB
   ) SEGMENT CREATION IMMEDIATE 
  PCTFREE 10 PCTUSED 40 INITRANS 1 MAXTRANS 255 NOCOMPRESS LOGGING
  STORAGE(INITIAL 65536 NEXT 1048576 MINEXTENTS 1 MAXEXTENTS 2147483645
  PCTINCREASE 0 FREELISTS 1 FREELIST GROUPS 1 BUFFER_POOL DEFAULT FLASH_CACHE DEFAULT CELL_FLASH_CACHE DEFAULT)
  TABLESPACE "USERS" 
 LOB ("SUBOR") STORE AS BASICFILE (
  TABLESPACE "USERS" ENABLE STORAGE IN ROW CHUNK 8192 RETENTION 
  NOCACHE LOGGING 
  STORAGE(INITIAL 65536 NEXT 1048576 MINEXTENTS 1 MAXEXTENTS 2147483645
  PCTINCREASE 0 FREELISTS 1 FREELIST GROUPS 1 BUFFER_POOL DEFAULT FLASH_CACHE DEFAULT CELL_FLASH_CACHE DEFAULT)) ;
--------------------------------------------------------
--  DDL for Table HISTORIA_MATERIALU
--------------------------------------------------------

  CREATE TABLE "SUROVIAK3"."HISTORIA_MATERIALU" 
   (	"ID_HISTORIE" NUMBER(*,0), 
	"ID_MATERIALU" NUMBER(*,0), 
	"OD" DATE, 
	"DO" DATE, 
	"POCET" NUMBER(*,0)
   ) SEGMENT CREATION DEFERRED 
  PCTFREE 10 PCTUSED 40 INITRANS 1 MAXTRANS 255 NOCOMPRESS LOGGING
  TABLESPACE "USERS" ;
--------------------------------------------------------
--  DDL for Table INFOTLACIAREN
--------------------------------------------------------

  CREATE TABLE "SUROVIAK3"."INFOTLACIAREN" 
   (	"ID_MAJETOK" NUMBER(*,0), 
	"INFO" "XMLTYPE"
   ) SEGMENT CREATION IMMEDIATE 
  PCTFREE 10 PCTUSED 40 INITRANS 1 MAXTRANS 255 NOCOMPRESS LOGGING
  STORAGE(INITIAL 65536 NEXT 1048576 MINEXTENTS 1 MAXEXTENTS 2147483645
  PCTINCREASE 0 FREELISTS 1 FREELIST GROUPS 1 BUFFER_POOL DEFAULT FLASH_CACHE DEFAULT CELL_FLASH_CACHE DEFAULT)
  TABLESPACE "USERS" 
 XMLTYPE COLUMN "INFO" STORE AS BASICFILE CLOB (
  TABLESPACE "USERS" ENABLE STORAGE IN ROW CHUNK 8192 PCTVERSION 10
  NOCACHE LOGGING 
  STORAGE(INITIAL 65536 NEXT 1048576 MINEXTENTS 1 MAXEXTENTS 2147483645
  PCTINCREASE 0 FREELISTS 1 FREELIST GROUPS 1 BUFFER_POOL DEFAULT FLASH_CACHE DEFAULT CELL_FLASH_CACHE DEFAULT)) ;
--------------------------------------------------------
--  DDL for Table MAJETOK
--------------------------------------------------------

  CREATE TABLE "SUROVIAK3"."MAJETOK" 
   (	"ID_MAJETOK" NUMBER(*,0), 
	"ID_ODDELENIA" NUMBER(*,0), 
	"NAKUPNA_CENA" NUMBER(10,2), 
	"DATUM_NAKUPU" DATE, 
	"ZIVOTNOST" NUMBER(*,0), 
	"ZARUKA" NUMBER(*,0), 
	"SEVISNE_OBDOBIE" NUMBER(*,0), 
	"ID_TYPU_MAJETKU" NUMBER(*,0), 
	"DATUM_VYRADENIA" DATE, 
	"STAV_MAJETKU" CHAR(1 BYTE), 
	"POPIS" VARCHAR2(200 BYTE)
   ) SEGMENT CREATION IMMEDIATE 
  PCTFREE 10 PCTUSED 40 INITRANS 1 MAXTRANS 255 NOCOMPRESS LOGGING
  STORAGE(INITIAL 65536 NEXT 1048576 MINEXTENTS 1 MAXEXTENTS 2147483645
  PCTINCREASE 0 FREELISTS 1 FREELIST GROUPS 1 BUFFER_POOL DEFAULT FLASH_CACHE DEFAULT CELL_FLASH_CACHE DEFAULT)
  TABLESPACE "USERS" ;
--------------------------------------------------------
--  DDL for Table MATERIAL_NA_AKTIVITU
--------------------------------------------------------

  CREATE TABLE "SUROVIAK3"."MATERIAL_NA_AKTIVITU" 
   (	"ID_MATERIALU" NUMBER(*,0), 
	"ID_ODDELENIA" NUMBER(*,0), 
	"ID_TYPU_MATERIALU" NUMBER(*,0), 
	"NAKUPNA_CENA" NUMBER(10,2), 
	"POCET" NUMBER(*,0)
   ) SEGMENT CREATION IMMEDIATE 
  PCTFREE 10 PCTUSED 40 INITRANS 1 MAXTRANS 255 NOCOMPRESS LOGGING
  STORAGE(INITIAL 65536 NEXT 1048576 MINEXTENTS 1 MAXEXTENTS 2147483645
  PCTINCREASE 0 FREELISTS 1 FREELIST GROUPS 1 BUFFER_POOL DEFAULT FLASH_CACHE DEFAULT CELL_FLASH_CACHE DEFAULT)
  TABLESPACE "USERS" ;
--------------------------------------------------------
--  DDL for Table NACHADZA_SA
--------------------------------------------------------

  CREATE TABLE "SUROVIAK3"."NACHADZA_SA" 
   (	"ID_ODDELENIA" NUMBER(*,0), 
	"ID_ODDELENIA_SYN" NUMBER(*,0)
   ) SEGMENT CREATION IMMEDIATE 
  PCTFREE 10 PCTUSED 40 INITRANS 1 MAXTRANS 255 NOCOMPRESS LOGGING
  STORAGE(INITIAL 65536 NEXT 1048576 MINEXTENTS 1 MAXEXTENTS 2147483645
  PCTINCREASE 0 FREELISTS 1 FREELIST GROUPS 1 BUFFER_POOL DEFAULT FLASH_CACHE DEFAULT CELL_FLASH_CACHE DEFAULT)
  TABLESPACE "USERS" ;
--------------------------------------------------------
--  DDL for Table ODDELENIE
--------------------------------------------------------

  CREATE TABLE "SUROVIAK3"."ODDELENIE" 
   (	"ID_ODDELENIA" NUMBER(*,0), 
	"ID_TYPU_ODD" NUMBER(*,0), 
	"POPIS" VARCHAR2(100 BYTE), 
	"ID_ODDELENIA_PARENT" NUMBER(38,0)
   ) SEGMENT CREATION IMMEDIATE 
  PCTFREE 10 PCTUSED 40 INITRANS 1 MAXTRANS 255 NOCOMPRESS LOGGING
  STORAGE(INITIAL 65536 NEXT 1048576 MINEXTENTS 1 MAXEXTENTS 2147483645
  PCTINCREASE 0 FREELISTS 1 FREELIST GROUPS 1 BUFFER_POOL DEFAULT FLASH_CACHE DEFAULT CELL_FLASH_CACHE DEFAULT)
  TABLESPACE "USERS" ;
--------------------------------------------------------
--  DDL for Table OSOBY
--------------------------------------------------------

  CREATE TABLE "SUROVIAK3"."OSOBY" OF "SUROVIAK3"."PERSON" 
 OIDINDEX  ( PCTFREE 10 INITRANS 2 MAXTRANS 255 
  STORAGE(INITIAL 65536 NEXT 1048576 MINEXTENTS 1 MAXEXTENTS 2147483645
  PCTINCREASE 0 FREELISTS 1 FREELIST GROUPS 1 BUFFER_POOL DEFAULT FLASH_CACHE DEFAULT CELL_FLASH_CACHE DEFAULT)
  TABLESPACE "USERS" ) 
 PCTFREE 10 PCTUSED 40 INITRANS 1 MAXTRANS 255 NOCOMPRESS LOGGING
  STORAGE(INITIAL 65536 NEXT 1048576 MINEXTENTS 1 MAXEXTENTS 2147483645
  PCTINCREASE 0 FREELISTS 1 FREELIST GROUPS 1 BUFFER_POOL DEFAULT FLASH_CACHE DEFAULT CELL_FLASH_CACHE DEFAULT)
  TABLESPACE "USERS" 
 NESTED TABLE "KONTAKTY" STORE AS "KONT_PERSON"
 (PCTFREE 10 PCTUSED 40 INITRANS 1 MAXTRANS 255 LOGGING
  STORAGE(INITIAL 65536 NEXT 1048576 MINEXTENTS 1 MAXEXTENTS 2147483645
  PCTINCREASE 0 FREELISTS 1 FREELIST GROUPS 1 BUFFER_POOL DEFAULT FLASH_CACHE DEFAULT CELL_FLASH_CACHE DEFAULT)
  TABLESPACE "USERS" ) RETURN AS VALUE;
--------------------------------------------------------
--  DDL for Table PRACOVNIK
--------------------------------------------------------

  CREATE TABLE "SUROVIAK3"."PRACOVNIK" 
   (	"OSOBNE_CISLO" NUMBER(*,0), 
	"ID_TYPU_PRAC" NUMBER(*,0), 
	"RODNE_CISLO" CHAR(11 BYTE)
   ) SEGMENT CREATION IMMEDIATE 
  PCTFREE 10 PCTUSED 40 INITRANS 1 MAXTRANS 255 NOCOMPRESS LOGGING
  STORAGE(INITIAL 65536 NEXT 1048576 MINEXTENTS 1 MAXEXTENTS 2147483645
  PCTINCREASE 0 FREELISTS 1 FREELIST GROUPS 1 BUFFER_POOL DEFAULT FLASH_CACHE DEFAULT CELL_FLASH_CACHE DEFAULT)
  TABLESPACE "USERS" ;
--------------------------------------------------------
--  DDL for Table PREDMET
--------------------------------------------------------

  CREATE TABLE "SUROVIAK3"."PREDMET" 
   (	"CIS_PREDM" CHAR(4 BYTE), 
	"NAZOV" VARCHAR2(180 BYTE)
   ) SEGMENT CREATION IMMEDIATE 
  PCTFREE 10 PCTUSED 40 INITRANS 1 MAXTRANS 255 NOCOMPRESS LOGGING
  STORAGE(INITIAL 65536 NEXT 1048576 MINEXTENTS 1 MAXEXTENTS 2147483645
  PCTINCREASE 0 FREELISTS 1 FREELIST GROUPS 1 BUFFER_POOL DEFAULT FLASH_CACHE DEFAULT CELL_FLASH_CACHE DEFAULT)
  TABLESPACE "USERS" ;
--------------------------------------------------------
--  DDL for Table PREDMET_BOD
--------------------------------------------------------

  CREATE TABLE "SUROVIAK3"."PREDMET_BOD" 
   (	"CIS_PREDM" CHAR(4 BYTE), 
	"SKROK" NUMBER(4,0), 
	"GARANT" CHAR(5 BYTE), 
	"ECTS" NUMBER(3,0), 
	"SEMESTER" CHAR(1 BYTE), 
	"FORMA_KONT" CHAR(1 BYTE)
   ) SEGMENT CREATION IMMEDIATE 
  PCTFREE 10 PCTUSED 40 INITRANS 1 MAXTRANS 255 NOCOMPRESS LOGGING
  STORAGE(INITIAL 65536 NEXT 1048576 MINEXTENTS 1 MAXEXTENTS 2147483645
  PCTINCREASE 0 FREELISTS 1 FREELIST GROUPS 1 BUFFER_POOL DEFAULT FLASH_CACHE DEFAULT CELL_FLASH_CACHE DEFAULT)
  TABLESPACE "USERS" ;
--------------------------------------------------------
--  DDL for Table TYP_AKTIVITY
--------------------------------------------------------

  CREATE TABLE "SUROVIAK3"."TYP_AKTIVITY" 
   (	"ID_TYPU_AKTIVITY" NUMBER(*,0), 
	"POPIS" VARCHAR2(20 BYTE)
   ) SEGMENT CREATION IMMEDIATE 
  PCTFREE 10 PCTUSED 40 INITRANS 1 MAXTRANS 255 NOCOMPRESS LOGGING
  STORAGE(INITIAL 65536 NEXT 1048576 MINEXTENTS 1 MAXEXTENTS 2147483645
  PCTINCREASE 0 FREELISTS 1 FREELIST GROUPS 1 BUFFER_POOL DEFAULT FLASH_CACHE DEFAULT CELL_FLASH_CACHE DEFAULT)
  TABLESPACE "USERS" ;
--------------------------------------------------------
--  DDL for Table TYP_MAJETKU
--------------------------------------------------------

  CREATE TABLE "SUROVIAK3"."TYP_MAJETKU" 
   (	"ID_TYPU_MAJETKU" NUMBER(*,0), 
	"POPIS" VARCHAR2(100 BYTE)
   ) SEGMENT CREATION IMMEDIATE 
  PCTFREE 10 PCTUSED 40 INITRANS 1 MAXTRANS 255 NOCOMPRESS LOGGING
  STORAGE(INITIAL 65536 NEXT 1048576 MINEXTENTS 1 MAXEXTENTS 2147483645
  PCTINCREASE 0 FREELISTS 1 FREELIST GROUPS 1 BUFFER_POOL DEFAULT FLASH_CACHE DEFAULT CELL_FLASH_CACHE DEFAULT)
  TABLESPACE "USERS" ;
--------------------------------------------------------
--  DDL for Table TYP_MATERIALU
--------------------------------------------------------

  CREATE TABLE "SUROVIAK3"."TYP_MATERIALU" 
   (	"ID_TYPU_MATERIALU" NUMBER(*,0), 
	"POPIS" VARCHAR2(20 BYTE), 
	"JE_SPOTREBNY" CHAR(1 BYTE)
   ) SEGMENT CREATION IMMEDIATE 
  PCTFREE 10 PCTUSED 40 INITRANS 1 MAXTRANS 255 NOCOMPRESS LOGGING
  STORAGE(INITIAL 65536 NEXT 1048576 MINEXTENTS 1 MAXEXTENTS 2147483645
  PCTINCREASE 0 FREELISTS 1 FREELIST GROUPS 1 BUFFER_POOL DEFAULT FLASH_CACHE DEFAULT CELL_FLASH_CACHE DEFAULT)
  TABLESPACE "USERS" ;
--------------------------------------------------------
--  DDL for Table TYP_ODDELENIA
--------------------------------------------------------

  CREATE TABLE "SUROVIAK3"."TYP_ODDELENIA" 
   (	"ID_TYPU_ODD" NUMBER(*,0), 
	"POPIS" VARCHAR2(100 BYTE)
   ) SEGMENT CREATION IMMEDIATE 
  PCTFREE 10 PCTUSED 40 INITRANS 1 MAXTRANS 255 NOCOMPRESS LOGGING
  STORAGE(INITIAL 65536 NEXT 1048576 MINEXTENTS 1 MAXEXTENTS 2147483645
  PCTINCREASE 0 FREELISTS 1 FREELIST GROUPS 1 BUFFER_POOL DEFAULT FLASH_CACHE DEFAULT CELL_FLASH_CACHE DEFAULT)
  TABLESPACE "USERS" ;
--------------------------------------------------------
--  DDL for Table TYP_PRACOVNIKA
--------------------------------------------------------

  CREATE TABLE "SUROVIAK3"."TYP_PRACOVNIKA" 
   (	"ID_TYPU_PRAC" NUMBER(*,0), 
	"POPIS" VARCHAR2(100 BYTE)
   ) SEGMENT CREATION IMMEDIATE 
  PCTFREE 10 PCTUSED 40 INITRANS 1 MAXTRANS 255 NOCOMPRESS LOGGING
  STORAGE(INITIAL 65536 NEXT 1048576 MINEXTENTS 1 MAXEXTENTS 2147483645
  PCTINCREASE 0 FREELISTS 1 FREELIST GROUPS 1 BUFFER_POOL DEFAULT FLASH_CACHE DEFAULT CELL_FLASH_CACHE DEFAULT)
  TABLESPACE "USERS" ;
--------------------------------------------------------
--  DDL for Table ZODPOVEDNOST
--------------------------------------------------------

  CREATE TABLE "SUROVIAK3"."ZODPOVEDNOST" 
   (	"OD_KEDY" DATE, 
	"OSOBNE_CISLO" NUMBER(*,0), 
	"ID_MAJETOK" NUMBER(*,0), 
	"DO_KEDY" DATE
   ) SEGMENT CREATION IMMEDIATE 
  PCTFREE 10 PCTUSED 40 INITRANS 1 MAXTRANS 255 NOCOMPRESS LOGGING
  STORAGE(INITIAL 65536 NEXT 1048576 MINEXTENTS 1 MAXEXTENTS 2147483645
  PCTINCREASE 0 FREELISTS 1 FREELIST GROUPS 1 BUFFER_POOL DEFAULT FLASH_CACHE DEFAULT CELL_FLASH_CACHE DEFAULT)
  TABLESPACE "USERS" ;
--------------------------------------------------------
--  DDL for Table UCITEL
--------------------------------------------------------

  CREATE TABLE "SUROVIAK3"."UCITEL" 
   (	"OS_CISLO" CHAR(5 BYTE), 
	"MENO" VARCHAR2(15 BYTE), 
	"PRIEZVISKO" VARCHAR2(30 BYTE), 
	"KATEDRA" CHAR(4 BYTE)
   ) SEGMENT CREATION IMMEDIATE 
  PCTFREE 10 PCTUSED 40 INITRANS 1 MAXTRANS 255 NOCOMPRESS LOGGING
  STORAGE(INITIAL 65536 NEXT 1048576 MINEXTENTS 1 MAXEXTENTS 2147483645
  PCTINCREASE 0 FREELISTS 1 FREELIST GROUPS 1 BUFFER_POOL DEFAULT FLASH_CACHE DEFAULT CELL_FLASH_CACHE DEFAULT)
  TABLESPACE "USERS" ;
--------------------------------------------------------
--  DDL for Table OS_UDAJE
--------------------------------------------------------

  CREATE TABLE "SUROVIAK3"."OS_UDAJE" 
   (	"ROD_CISLO" CHAR(11 BYTE), 
	"MENO" VARCHAR2(15 BYTE), 
	"PRIEZVISKO" VARCHAR2(15 BYTE), 
	"ULICA" VARCHAR2(20 BYTE), 
	"PSC" CHAR(5 BYTE), 
	"OBEC" VARCHAR2(50 BYTE)
   ) SEGMENT CREATION IMMEDIATE 
  PCTFREE 10 PCTUSED 40 INITRANS 1 MAXTRANS 255 NOCOMPRESS LOGGING
  STORAGE(INITIAL 65536 NEXT 1048576 MINEXTENTS 1 MAXEXTENTS 2147483645
  PCTINCREASE 0 FREELISTS 1 FREELIST GROUPS 1 BUFFER_POOL DEFAULT FLASH_CACHE DEFAULT CELL_FLASH_CACHE DEFAULT)
  TABLESPACE "USERS" ;
--------------------------------------------------------
--  DDL for Table STUDENT
--------------------------------------------------------

  CREATE TABLE "SUROVIAK3"."STUDENT" 
   (	"OS_CISLO" NUMBER(*,0), 
	"ST_ODBOR" NUMBER(3,0), 
	"ST_ZAMERANIE" NUMBER(3,0), 
	"ROD_CISLO" CHAR(11 BYTE), 
	"ROCNIK" CHAR(1 BYTE), 
	"ST_SKUPINA" CHAR(6 BYTE), 
	"STAV" CHAR(1 BYTE), 
	"UKONCENIE" DATE, 
	"DAT_ZAPISU" DATE
   ) SEGMENT CREATION IMMEDIATE 
  PCTFREE 10 PCTUSED 40 INITRANS 1 MAXTRANS 255 NOCOMPRESS LOGGING
  STORAGE(INITIAL 65536 NEXT 1048576 MINEXTENTS 1 MAXEXTENTS 2147483645
  PCTINCREASE 0 FREELISTS 1 FREELIST GROUPS 1 BUFFER_POOL DEFAULT FLASH_CACHE DEFAULT CELL_FLASH_CACHE DEFAULT)
  TABLESPACE "USERS" ;
--------------------------------------------------------
--  DDL for Table KONTAKTY
--------------------------------------------------------

  CREATE TABLE "SUROVIAK3"."KONTAKTY" 
   (	"ID" NUMBER(38,0), 
	"ROD_CISLO" CHAR(11 BYTE), 
	"POPIS" VARCHAR2(10 BYTE), 
	"KONTAKT" VARCHAR2(30 BYTE)
   ) SEGMENT CREATION IMMEDIATE 
  PCTFREE 10 PCTUSED 40 INITRANS 1 MAXTRANS 255 NOCOMPRESS LOGGING
  STORAGE(INITIAL 65536 NEXT 1048576 MINEXTENTS 1 MAXEXTENTS 2147483645
  PCTINCREASE 0 FREELISTS 1 FREELIST GROUPS 1 BUFFER_POOL DEFAULT FLASH_CACHE DEFAULT CELL_FLASH_CACHE DEFAULT)
  TABLESPACE "USERS" ;
--------------------------------------------------------
--  DDL for Table ST_ODBORY
--------------------------------------------------------

  CREATE TABLE "SUROVIAK3"."ST_ODBORY" 
   (	"ST_ODBOR" NUMBER(3,0), 
	"ST_ZAMERANIE" NUMBER(3,0), 
	"POPIS_ODBORU" VARCHAR2(40 BYTE), 
	"POPIS_ZAMERANIA" VARCHAR2(40 BYTE)
   ) SEGMENT CREATION IMMEDIATE 
  PCTFREE 10 PCTUSED 40 INITRANS 1 MAXTRANS 255 NOCOMPRESS LOGGING
  STORAGE(INITIAL 65536 NEXT 1048576 MINEXTENTS 1 MAXEXTENTS 2147483645
  PCTINCREASE 0 FREELISTS 1 FREELIST GROUPS 1 BUFFER_POOL DEFAULT FLASH_CACHE DEFAULT CELL_FLASH_CACHE DEFAULT)
  TABLESPACE "USERS" ;
REM INSERTING into SUROVIAK3.AKTIVITA
SET DEFINE OFF;
Insert into SUROVIAK3.AKTIVITA (CAS_USKUTOCNENIA,OSOBNE_CISLO,ID_TYPU_AKTIVITY,ID_MATERIALU,ID_MAJETOK,CENA,POPIS,POCET_MATERIALU,TRVANIE_AKTIVITY) values (to_timestamp('01.12.15 00:00:00,000000000','DD.MM.RR HH24:MI:SSXFF'),'1','1','1000','1041','0','doplnanie','2','1');
Insert into SUROVIAK3.AKTIVITA (CAS_USKUTOCNENIA,OSOBNE_CISLO,ID_TYPU_AKTIVITY,ID_MATERIALU,ID_MAJETOK,CENA,POPIS,POCET_MATERIALU,TRVANIE_AKTIVITY) values (to_timestamp('01.12.15 00:00:00,000000000','DD.MM.RR HH24:MI:SSXFF'),'1','6','1000','1041','0','tlac','1','1');
Insert into SUROVIAK3.AKTIVITA (CAS_USKUTOCNENIA,OSOBNE_CISLO,ID_TYPU_AKTIVITY,ID_MATERIALU,ID_MAJETOK,CENA,POPIS,POCET_MATERIALU,TRVANIE_AKTIVITY) values (to_timestamp('28.11.15 00:00:00,000000000','DD.MM.RR HH24:MI:SSXFF'),'12','1','3','1040','0','doplnanie papiera','3','1');
Insert into SUROVIAK3.AKTIVITA (CAS_USKUTOCNENIA,OSOBNE_CISLO,ID_TYPU_AKTIVITY,ID_MATERIALU,ID_MAJETOK,CENA,POPIS,POCET_MATERIALU,TRVANIE_AKTIVITY) values (to_timestamp('17.11.15 00:00:00,000000000','DD.MM.RR HH24:MI:SSXFF'),'2','6','3','1038','0','tlac papiera','1','1');
Insert into SUROVIAK3.AKTIVITA (CAS_USKUTOCNENIA,OSOBNE_CISLO,ID_TYPU_AKTIVITY,ID_MATERIALU,ID_MAJETOK,CENA,POPIS,POCET_MATERIALU,TRVANIE_AKTIVITY) values (to_timestamp('17.11.15 00:00:00,000000000','DD.MM.RR HH24:MI:SSXFF'),'1','6','3','1024','0','tlac papiera','1','1');
Insert into SUROVIAK3.AKTIVITA (CAS_USKUTOCNENIA,OSOBNE_CISLO,ID_TYPU_AKTIVITY,ID_MATERIALU,ID_MAJETOK,CENA,POPIS,POCET_MATERIALU,TRVANIE_AKTIVITY) values (to_timestamp('14.11.13 00:00:00,000000000','DD.MM.RR HH24:MI:SSXFF'),'1','1','324','1015','10','vymena grafiky','1','1');
Insert into SUROVIAK3.AKTIVITA (CAS_USKUTOCNENIA,OSOBNE_CISLO,ID_TYPU_AKTIVITY,ID_MATERIALU,ID_MAJETOK,CENA,POPIS,POCET_MATERIALU,TRVANIE_AKTIVITY) values (to_timestamp('14.11.13 00:00:00,000000000','DD.MM.RR HH24:MI:SSXFF'),'4','1','3','1040','0','doplnenie','20','1');
Insert into SUROVIAK3.AKTIVITA (CAS_USKUTOCNENIA,OSOBNE_CISLO,ID_TYPU_AKTIVITY,ID_MATERIALU,ID_MAJETOK,CENA,POPIS,POCET_MATERIALU,TRVANIE_AKTIVITY) values (to_timestamp('28.11.15 00:00:00,000000000','DD.MM.RR HH24:MI:SSXFF'),'4','1','1001','1026','10','doplnanie papiera','20','3');
Insert into SUROVIAK3.AKTIVITA (CAS_USKUTOCNENIA,OSOBNE_CISLO,ID_TYPU_AKTIVITY,ID_MATERIALU,ID_MAJETOK,CENA,POPIS,POCET_MATERIALU,TRVANIE_AKTIVITY) values (to_timestamp('28.11.15 00:00:00,000000000','DD.MM.RR HH24:MI:SSXFF'),'1','6','1001','1026','0','tlac papiera','1','1');
Insert into SUROVIAK3.AKTIVITA (CAS_USKUTOCNENIA,OSOBNE_CISLO,ID_TYPU_AKTIVITY,ID_MATERIALU,ID_MAJETOK,CENA,POPIS,POCET_MATERIALU,TRVANIE_AKTIVITY) values (to_timestamp('28.11.15 00:00:00,000000000','DD.MM.RR HH24:MI:SSXFF'),'7','6','1001','1025','0','tlac papiera','1','1');
Insert into SUROVIAK3.AKTIVITA (CAS_USKUTOCNENIA,OSOBNE_CISLO,ID_TYPU_AKTIVITY,ID_MATERIALU,ID_MAJETOK,CENA,POPIS,POCET_MATERIALU,TRVANIE_AKTIVITY) values (to_timestamp('28.11.15 00:00:00,000000000','DD.MM.RR HH24:MI:SSXFF'),'1','6','1000','1025','0','tlac papiera','1','1');
Insert into SUROVIAK3.AKTIVITA (CAS_USKUTOCNENIA,OSOBNE_CISLO,ID_TYPU_AKTIVITY,ID_MATERIALU,ID_MAJETOK,CENA,POPIS,POCET_MATERIALU,TRVANIE_AKTIVITY) values (to_timestamp('28.11.15 00:00:00,000000000','DD.MM.RR HH24:MI:SSXFF'),'1','1','1001','1040','1','doplnanie papiera','10','1');
Insert into SUROVIAK3.AKTIVITA (CAS_USKUTOCNENIA,OSOBNE_CISLO,ID_TYPU_AKTIVITY,ID_MATERIALU,ID_MAJETOK,CENA,POPIS,POCET_MATERIALU,TRVANIE_AKTIVITY) values (to_timestamp('27.11.15 00:00:00,000000000','DD.MM.RR HH24:MI:SSXFF'),'4','3','1002','1041','0','doplnanie toner','1','1');
Insert into SUROVIAK3.AKTIVITA (CAS_USKUTOCNENIA,OSOBNE_CISLO,ID_TYPU_AKTIVITY,ID_MATERIALU,ID_MAJETOK,CENA,POPIS,POCET_MATERIALU,TRVANIE_AKTIVITY) values (to_timestamp('27.11.15 00:00:00,000000000','DD.MM.RR HH24:MI:SSXFF'),'1','6','1001','1040','0','tlac papiera','1','1');
Insert into SUROVIAK3.AKTIVITA (CAS_USKUTOCNENIA,OSOBNE_CISLO,ID_TYPU_AKTIVITY,ID_MATERIALU,ID_MAJETOK,CENA,POPIS,POCET_MATERIALU,TRVANIE_AKTIVITY) values (to_timestamp('16.11.11 00:00:00,000000000','DD.MM.RR HH24:MI:SSXFF'),'12','2','1','1018','25','oprava meot 10','1','1');
Insert into SUROVIAK3.AKTIVITA (CAS_USKUTOCNENIA,OSOBNE_CISLO,ID_TYPU_AKTIVITY,ID_MATERIALU,ID_MAJETOK,CENA,POPIS,POCET_MATERIALU,TRVANIE_AKTIVITY) values (to_timestamp('16.10.15 00:00:00,000000000','DD.MM.RR HH24:MI:SSXFF'),'13','2','1','1042','200','oprava 3D tl','1','1');
Insert into SUROVIAK3.AKTIVITA (CAS_USKUTOCNENIA,OSOBNE_CISLO,ID_TYPU_AKTIVITY,ID_MATERIALU,ID_MAJETOK,CENA,POPIS,POCET_MATERIALU,TRVANIE_AKTIVITY) values (to_timestamp('17.11.15 00:00:00,000000000','DD.MM.RR HH24:MI:SSXFF'),'6','2','1','1042','232','oprava 3D tl','1','1');
Insert into SUROVIAK3.AKTIVITA (CAS_USKUTOCNENIA,OSOBNE_CISLO,ID_TYPU_AKTIVITY,ID_MATERIALU,ID_MAJETOK,CENA,POPIS,POCET_MATERIALU,TRVANIE_AKTIVITY) values (to_timestamp('05.11.15 00:00:00,000000000','DD.MM.RR HH24:MI:SSXFF'),'14','2','1','1041','53','oprava tl','2','1');
Insert into SUROVIAK3.AKTIVITA (CAS_USKUTOCNENIA,OSOBNE_CISLO,ID_TYPU_AKTIVITY,ID_MATERIALU,ID_MAJETOK,CENA,POPIS,POCET_MATERIALU,TRVANIE_AKTIVITY) values (to_timestamp('28.11.15 00:00:00,000000000','DD.MM.RR HH24:MI:SSXFF'),'1','2','1','1040','15','oprava tl jet','1','1');
Insert into SUROVIAK3.AKTIVITA (CAS_USKUTOCNENIA,OSOBNE_CISLO,ID_TYPU_AKTIVITY,ID_MATERIALU,ID_MAJETOK,CENA,POPIS,POCET_MATERIALU,TRVANIE_AKTIVITY) values (to_timestamp('22.10.15 00:00:00,000000000','DD.MM.RR HH24:MI:SSXFF'),'1','2','1','1039','10','oprava atr jet','3','1');
Insert into SUROVIAK3.AKTIVITA (CAS_USKUTOCNENIA,OSOBNE_CISLO,ID_TYPU_AKTIVITY,ID_MATERIALU,ID_MAJETOK,CENA,POPIS,POCET_MATERIALU,TRVANIE_AKTIVITY) values (to_timestamp('12.11.15 00:00:00,000000000','DD.MM.RR HH24:MI:SSXFF'),'1','2','1','1039','16','oprava atr jet','1','1');
Insert into SUROVIAK3.AKTIVITA (CAS_USKUTOCNENIA,OSOBNE_CISLO,ID_TYPU_AKTIVITY,ID_MATERIALU,ID_MAJETOK,CENA,POPIS,POCET_MATERIALU,TRVANIE_AKTIVITY) values (to_timestamp('13.11.15 00:00:00,000000000','DD.MM.RR HH24:MI:SSXFF'),'10','2','1','1030','13','oprava can kop','1','1');
REM INSERTING into SUROVIAK3.BLOB_TABLE
SET DEFINE OFF;
Insert into SUROVIAK3.BLOB_TABLE (ID,NAZOV,ADRESAR) values ('1','fri.jpg','/home/suroviak3/cvic_9_suroviak3');
Insert into SUROVIAK3.BLOB_TABLE (ID,NAZOV,ADRESAR) values ('1','logo.jpg','/home/suroviak3/cvic_9_suroviak3');
Insert into SUROVIAK3.BLOB_TABLE (ID,NAZOV,ADRESAR) values ('1','zililnauniverzita.jpg','/home/suroviak3/cvic_9_suroviak3');
Insert into SUROVIAK3.BLOB_TABLE (ID,NAZOV,ADRESAR) values ('1','fri_vtaci_pohlad.jpg','/home/suroviak3/cvic_9_suroviak3');
REM INSERTING into SUROVIAK3.HISTORIA_MATERIALU
SET DEFINE OFF;
REM INSERTING into SUROVIAK3.INFOTLACIAREN
SET DEFINE OFF;
Insert into SUROVIAK3.INFOTLACIAREN (ID_MAJETOK,INFO) values ('1024','<info><typ>laserova</typ><vytlacene>1</vytlacene><model>125</model></info>');
Insert into SUROVIAK3.INFOTLACIAREN (ID_MAJETOK,INFO) values ('1025','<info><typ>atramentova</typ><vytlacene>2</vytlacene><model>200</model></info>');
Insert into SUROVIAK3.INFOTLACIAREN (ID_MAJETOK,INFO) values ('1026','<info><typ>ihlickova</typ><vytlacene>1</vytlacene><model>250</model></info>');
Insert into SUROVIAK3.INFOTLACIAREN (ID_MAJETOK,INFO) values ('1027','<info><typ>ihlickova</typ><vytlacene>0</vytlacene><model>2</model></info>');
Insert into SUROVIAK3.INFOTLACIAREN (ID_MAJETOK,INFO) values ('1039','<info><typ>atramentova</typ><vytlacene>0</vytlacene><model>super 12m</model></info>');
Insert into SUROVIAK3.INFOTLACIAREN (ID_MAJETOK,INFO) values ('1029','<info><typ>atramentova</typ><vytlacene>0</vytlacene><model>25</model></info>');
Insert into SUROVIAK3.INFOTLACIAREN (ID_MAJETOK,INFO) values ('1030','<info><typ>atramentova</typ><vytlacene>0</vytlacene><model>ultra 348</model></info>');
Insert into SUROVIAK3.INFOTLACIAREN (ID_MAJETOK,INFO) values ('1031','<info><typ>atramentova</typ><vytlacene>0</vytlacene><model>ultra 348</model></info>');
Insert into SUROVIAK3.INFOTLACIAREN (ID_MAJETOK,INFO) values ('1032','<info><typ>atramentova</typ><vytlacene>0</vytlacene><model>ultra 348</model></info>');
Insert into SUROVIAK3.INFOTLACIAREN (ID_MAJETOK,INFO) values ('1033','<info><typ>atramentova</typ><vytlacene>0</vytlacene><model>ultra 348</model></info>');
Insert into SUROVIAK3.INFOTLACIAREN (ID_MAJETOK,INFO) values ('1034','<info><typ>atramentova</typ><vytlacene>0</vytlacene><model>ultra 348</model></info>');
Insert into SUROVIAK3.INFOTLACIAREN (ID_MAJETOK,INFO) values ('1035','<info><typ>3D</typ><vytlacene>0</vytlacene><model>mega 500</model></info>');
Insert into SUROVIAK3.INFOTLACIAREN (ID_MAJETOK,INFO) values ('1036','<info><typ>3D</typ><vytlacene>0</vytlacene><model>mega 1000</model></info>');
Insert into SUROVIAK3.INFOTLACIAREN (ID_MAJETOK,INFO) values ('1037','<info><typ>3D</typ><vytlacene>0</vytlacene><model>hp 1000</model></info>');
Insert into SUROVIAK3.INFOTLACIAREN (ID_MAJETOK,INFO) values ('1038','<info><typ>laserova</typ><vytlacene>1</vytlacene><model>super 12</model></info>');
Insert into SUROVIAK3.INFOTLACIAREN (ID_MAJETOK,INFO) values ('1040','<info><typ>laserova</typ><vytlacene>2</vytlacene><model>super 15m</model></info>');
Insert into SUROVIAK3.INFOTLACIAREN (ID_MAJETOK,INFO) values ('1041','<info><typ>laserova</typ><vytlacene>1</vytlacene><model>super 16m</model></info>');
Insert into SUROVIAK3.INFOTLACIAREN (ID_MAJETOK,INFO) values ('1042','<info><typ>laserova</typ><vytlacene>0</vytlacene><model>3D super 150m</model></info>');
REM INSERTING into SUROVIAK3.MAJETOK
SET DEFINE OFF;
Insert into SUROVIAK3.MAJETOK (ID_MAJETOK,ID_ODDELENIA,NAKUPNA_CENA,DATUM_NAKUPU,ZIVOTNOST,ZARUKA,SEVISNE_OBDOBIE,ID_TYPU_MAJETKU,DATUM_VYRADENIA,STAV_MAJETKU,POPIS) values ('1043','5','1000',to_date('11.08.11','DD.MM.RR'),'700','670','50','4',null,null,'server fri ki');
Insert into SUROVIAK3.MAJETOK (ID_MAJETOK,ID_ODDELENIA,NAKUPNA_CENA,DATUM_NAKUPU,ZIVOTNOST,ZARUKA,SEVISNE_OBDOBIE,ID_TYPU_MAJETKU,DATUM_VYRADENIA,STAV_MAJETKU,POPIS) values ('1044','21','768',to_date('15.08.14','DD.MM.RR'),'700','670','50','4',null,null,'server fh kns');
Insert into SUROVIAK3.MAJETOK (ID_MAJETOK,ID_ODDELENIA,NAKUPNA_CENA,DATUM_NAKUPU,ZIVOTNOST,ZARUKA,SEVISNE_OBDOBIE,ID_TYPU_MAJETKU,DATUM_VYRADENIA,STAV_MAJETKU,POPIS) values ('1001','6','50',to_date('28.11.15','DD.MM.RR'),'670','670','30','21',null,null,'elektricky davkovac');
Insert into SUROVIAK3.MAJETOK (ID_MAJETOK,ID_ODDELENIA,NAKUPNA_CENA,DATUM_NAKUPU,ZIVOTNOST,ZARUKA,SEVISNE_OBDOBIE,ID_TYPU_MAJETKU,DATUM_VYRADENIA,STAV_MAJETKU,POPIS) values ('1002','7','50',to_date('28.11.15','DD.MM.RR'),'670','670','30','21',null,null,'elektricky davkovac');
Insert into SUROVIAK3.MAJETOK (ID_MAJETOK,ID_ODDELENIA,NAKUPNA_CENA,DATUM_NAKUPU,ZIVOTNOST,ZARUKA,SEVISNE_OBDOBIE,ID_TYPU_MAJETKU,DATUM_VYRADENIA,STAV_MAJETKU,POPIS) values ('1003','8','50',to_date('28.11.15','DD.MM.RR'),'670','670','30','21',null,null,'elektricky davkovac');
Insert into SUROVIAK3.MAJETOK (ID_MAJETOK,ID_ODDELENIA,NAKUPNA_CENA,DATUM_NAKUPU,ZIVOTNOST,ZARUKA,SEVISNE_OBDOBIE,ID_TYPU_MAJETKU,DATUM_VYRADENIA,STAV_MAJETKU,POPIS) values ('1013','8','12635',to_date('15.11.13','DD.MM.RR'),'1340','670','212','14',null,null,'BENQ INTERACT');
Insert into SUROVIAK3.MAJETOK (ID_MAJETOK,ID_ODDELENIA,NAKUPNA_CENA,DATUM_NAKUPU,ZIVOTNOST,ZARUKA,SEVISNE_OBDOBIE,ID_TYPU_MAJETKU,DATUM_VYRADENIA,STAV_MAJETKU,POPIS) values ('1014','4','4320',to_date('07.11.14','DD.MM.RR'),'20000','2000','365','4',null,null,'server ASUS');
Insert into SUROVIAK3.MAJETOK (ID_MAJETOK,ID_ODDELENIA,NAKUPNA_CENA,DATUM_NAKUPU,ZIVOTNOST,ZARUKA,SEVISNE_OBDOBIE,ID_TYPU_MAJETKU,DATUM_VYRADENIA,STAV_MAJETKU,POPIS) values ('1005','6','300',to_date('28.11.15','DD.MM.RR'),'670','670','30','2',null,null,'tabula fra12');
Insert into SUROVIAK3.MAJETOK (ID_MAJETOK,ID_ODDELENIA,NAKUPNA_CENA,DATUM_NAKUPU,ZIVOTNOST,ZARUKA,SEVISNE_OBDOBIE,ID_TYPU_MAJETKU,DATUM_VYRADENIA,STAV_MAJETKU,POPIS) values ('1006','7','350',to_date('10.11.05','DD.MM.RR'),'670','670','70','2',null,null,'tabula fra11');
Insert into SUROVIAK3.MAJETOK (ID_MAJETOK,ID_ODDELENIA,NAKUPNA_CENA,DATUM_NAKUPU,ZIVOTNOST,ZARUKA,SEVISNE_OBDOBIE,ID_TYPU_MAJETKU,DATUM_VYRADENIA,STAV_MAJETKU,POPIS) values ('1007','18','52',to_date('26.11.05','DD.MM.RR'),'670','300','20','26',null,null,'kvetinac pre kaktus');
Insert into SUROVIAK3.MAJETOK (ID_MAJETOK,ID_ODDELENIA,NAKUPNA_CENA,DATUM_NAKUPU,ZIVOTNOST,ZARUKA,SEVISNE_OBDOBIE,ID_TYPU_MAJETKU,DATUM_VYRADENIA,STAV_MAJETKU,POPIS) values ('1008','17','20',to_date('26.11.05','DD.MM.RR'),'670','300','20','22',null,null,'na tabulu, zelena');
Insert into SUROVIAK3.MAJETOK (ID_MAJETOK,ID_ODDELENIA,NAKUPNA_CENA,DATUM_NAKUPU,ZIVOTNOST,ZARUKA,SEVISNE_OBDOBIE,ID_TYPU_MAJETKU,DATUM_VYRADENIA,STAV_MAJETKU,POPIS) values ('1009','24','1',to_date('10.11.05','DD.MM.RR'),'670','300','20','22',null,null,'na tabulu, zelena');
Insert into SUROVIAK3.MAJETOK (ID_MAJETOK,ID_ODDELENIA,NAKUPNA_CENA,DATUM_NAKUPU,ZIVOTNOST,ZARUKA,SEVISNE_OBDOBIE,ID_TYPU_MAJETKU,DATUM_VYRADENIA,STAV_MAJETKU,POPIS) values ('1010','1','5',to_date('10.11.05','DD.MM.RR'),'670','300','20','22',null,null,'na tabulu, zelena');
Insert into SUROVIAK3.MAJETOK (ID_MAJETOK,ID_ODDELENIA,NAKUPNA_CENA,DATUM_NAKUPU,ZIVOTNOST,ZARUKA,SEVISNE_OBDOBIE,ID_TYPU_MAJETKU,DATUM_VYRADENIA,STAV_MAJETKU,POPIS) values ('1011','24','5000',to_date('30.11.11','DD.MM.RR'),'1000','670','365','13',null,null,'PROJEKTOR SX125');
Insert into SUROVIAK3.MAJETOK (ID_MAJETOK,ID_ODDELENIA,NAKUPNA_CENA,DATUM_NAKUPU,ZIVOTNOST,ZARUKA,SEVISNE_OBDOBIE,ID_TYPU_MAJETKU,DATUM_VYRADENIA,STAV_MAJETKU,POPIS) values ('1012','22','10000',to_date('30.11.11','DD.MM.RR'),'1000','670','365','13',null,null,'PROJEKTOR SX125');
Insert into SUROVIAK3.MAJETOK (ID_MAJETOK,ID_ODDELENIA,NAKUPNA_CENA,DATUM_NAKUPU,ZIVOTNOST,ZARUKA,SEVISNE_OBDOBIE,ID_TYPU_MAJETKU,DATUM_VYRADENIA,STAV_MAJETKU,POPIS) values ('1015','1','9000',to_date('07.11.14','DD.MM.RR'),'20000','2000','365','4',null,null,'server ASUS');
Insert into SUROVIAK3.MAJETOK (ID_MAJETOK,ID_ODDELENIA,NAKUPNA_CENA,DATUM_NAKUPU,ZIVOTNOST,ZARUKA,SEVISNE_OBDOBIE,ID_TYPU_MAJETKU,DATUM_VYRADENIA,STAV_MAJETKU,POPIS) values ('1016','1','9000',to_date('01.11.15','DD.MM.RR'),'3250','4000','365','24',null,null,'switch 12PC');
Insert into SUROVIAK3.MAJETOK (ID_MAJETOK,ID_ODDELENIA,NAKUPNA_CENA,DATUM_NAKUPU,ZIVOTNOST,ZARUKA,SEVISNE_OBDOBIE,ID_TYPU_MAJETKU,DATUM_VYRADENIA,STAV_MAJETKU,POPIS) values ('1017','19','15000',to_date('20.11.13','DD.MM.RR'),'3250','4000','365','24',null,null,'switch 12PC');
Insert into SUROVIAK3.MAJETOK (ID_MAJETOK,ID_ODDELENIA,NAKUPNA_CENA,DATUM_NAKUPU,ZIVOTNOST,ZARUKA,SEVISNE_OBDOBIE,ID_TYPU_MAJETKU,DATUM_VYRADENIA,STAV_MAJETKU,POPIS) values ('1018','19','654',to_date('16.11.11','DD.MM.RR'),'800','670','365','12',null,null,'MEOT 10');
Insert into SUROVIAK3.MAJETOK (ID_MAJETOK,ID_ODDELENIA,NAKUPNA_CENA,DATUM_NAKUPU,ZIVOTNOST,ZARUKA,SEVISNE_OBDOBIE,ID_TYPU_MAJETKU,DATUM_VYRADENIA,STAV_MAJETKU,POPIS) values ('1019','22','400',to_date('08.11.13','DD.MM.RR'),'800','670','365','12',null,null,'MEOT 10');
Insert into SUROVIAK3.MAJETOK (ID_MAJETOK,ID_ODDELENIA,NAKUPNA_CENA,DATUM_NAKUPU,ZIVOTNOST,ZARUKA,SEVISNE_OBDOBIE,ID_TYPU_MAJETKU,DATUM_VYRADENIA,STAV_MAJETKU,POPIS) values ('1020','20','300',to_date('08.11.13','DD.MM.RR'),'800','670','365','20',null,null,'Skrina velka');
Insert into SUROVIAK3.MAJETOK (ID_MAJETOK,ID_ODDELENIA,NAKUPNA_CENA,DATUM_NAKUPU,ZIVOTNOST,ZARUKA,SEVISNE_OBDOBIE,ID_TYPU_MAJETKU,DATUM_VYRADENIA,STAV_MAJETKU,POPIS) values ('1021','21','325',to_date('08.11.13','DD.MM.RR'),'800','670','365','20',null,null,'Skrina velka');
Insert into SUROVIAK3.MAJETOK (ID_MAJETOK,ID_ODDELENIA,NAKUPNA_CENA,DATUM_NAKUPU,ZIVOTNOST,ZARUKA,SEVISNE_OBDOBIE,ID_TYPU_MAJETKU,DATUM_VYRADENIA,STAV_MAJETKU,POPIS) values ('1022','15','45',to_date('12.11.10','DD.MM.RR'),'800','670','365','11',null,null,'stvornoha stolicka');
Insert into SUROVIAK3.MAJETOK (ID_MAJETOK,ID_ODDELENIA,NAKUPNA_CENA,DATUM_NAKUPU,ZIVOTNOST,ZARUKA,SEVISNE_OBDOBIE,ID_TYPU_MAJETKU,DATUM_VYRADENIA,STAV_MAJETKU,POPIS) values ('1023','12','47',to_date('12.11.10','DD.MM.RR'),'800','670','365','11',null,null,'stvornoha stolicka');
Insert into SUROVIAK3.MAJETOK (ID_MAJETOK,ID_ODDELENIA,NAKUPNA_CENA,DATUM_NAKUPU,ZIVOTNOST,ZARUKA,SEVISNE_OBDOBIE,ID_TYPU_MAJETKU,DATUM_VYRADENIA,STAV_MAJETKU,POPIS) values ('1024','1','250',to_date('28.11.15','DD.MM.RR'),'700','360','360','1',null,null,'HP - 125');
Insert into SUROVIAK3.MAJETOK (ID_MAJETOK,ID_ODDELENIA,NAKUPNA_CENA,DATUM_NAKUPU,ZIVOTNOST,ZARUKA,SEVISNE_OBDOBIE,ID_TYPU_MAJETKU,DATUM_VYRADENIA,STAV_MAJETKU,POPIS) values ('1025','1','350',to_date('28.11.15','DD.MM.RR'),'700','360','360','1',null,null,'HP -200');
Insert into SUROVIAK3.MAJETOK (ID_MAJETOK,ID_ODDELENIA,NAKUPNA_CENA,DATUM_NAKUPU,ZIVOTNOST,ZARUKA,SEVISNE_OBDOBIE,ID_TYPU_MAJETKU,DATUM_VYRADENIA,STAV_MAJETKU,POPIS) values ('1026','1','350',to_date('28.11.15','DD.MM.RR'),'700','360','360','1',null,null,'HP - 250');
Insert into SUROVIAK3.MAJETOK (ID_MAJETOK,ID_ODDELENIA,NAKUPNA_CENA,DATUM_NAKUPU,ZIVOTNOST,ZARUKA,SEVISNE_OBDOBIE,ID_TYPU_MAJETKU,DATUM_VYRADENIA,STAV_MAJETKU,POPIS) values ('1027','1','150',to_date('08.10.15','DD.MM.RR'),'700','360','360','1',null,null,'CANON - 2');
Insert into SUROVIAK3.MAJETOK (ID_MAJETOK,ID_ODDELENIA,NAKUPNA_CENA,DATUM_NAKUPU,ZIVOTNOST,ZARUKA,SEVISNE_OBDOBIE,ID_TYPU_MAJETKU,DATUM_VYRADENIA,STAV_MAJETKU,POPIS) values ('1039','3','1750',to_date('13.10.15','DD.MM.RR'),'2000','670','360','5',null,null,'Atrament  jet 150m');
Insert into SUROVIAK3.MAJETOK (ID_MAJETOK,ID_ODDELENIA,NAKUPNA_CENA,DATUM_NAKUPU,ZIVOTNOST,ZARUKA,SEVISNE_OBDOBIE,ID_TYPU_MAJETKU,DATUM_VYRADENIA,STAV_MAJETKU,POPIS) values ('1029','1','250',to_date('08.10.15','DD.MM.RR'),'700','360','360','1',null,null,'CANON - 25');
Insert into SUROVIAK3.MAJETOK (ID_MAJETOK,ID_ODDELENIA,NAKUPNA_CENA,DATUM_NAKUPU,ZIVOTNOST,ZARUKA,SEVISNE_OBDOBIE,ID_TYPU_MAJETKU,DATUM_VYRADENIA,STAV_MAJETKU,POPIS) values ('1030','1','550',to_date('08.10.15','DD.MM.RR'),'700','360','360','5',null,null,'CANON - kopirka');
Insert into SUROVIAK3.MAJETOK (ID_MAJETOK,ID_ODDELENIA,NAKUPNA_CENA,DATUM_NAKUPU,ZIVOTNOST,ZARUKA,SEVISNE_OBDOBIE,ID_TYPU_MAJETKU,DATUM_VYRADENIA,STAV_MAJETKU,POPIS) values ('1031','18','550',to_date('08.10.15','DD.MM.RR'),'700','360','360','5',null,null,'CANON - kopirka');
Insert into SUROVIAK3.MAJETOK (ID_MAJETOK,ID_ODDELENIA,NAKUPNA_CENA,DATUM_NAKUPU,ZIVOTNOST,ZARUKA,SEVISNE_OBDOBIE,ID_TYPU_MAJETKU,DATUM_VYRADENIA,STAV_MAJETKU,POPIS) values ('1032','21','550',to_date('08.10.15','DD.MM.RR'),'700','360','360','5',null,null,'CANON - kopirka');
Insert into SUROVIAK3.MAJETOK (ID_MAJETOK,ID_ODDELENIA,NAKUPNA_CENA,DATUM_NAKUPU,ZIVOTNOST,ZARUKA,SEVISNE_OBDOBIE,ID_TYPU_MAJETKU,DATUM_VYRADENIA,STAV_MAJETKU,POPIS) values ('1033','22','550',to_date('08.10.15','DD.MM.RR'),'700','360','360','5',null,null,'CANON - kopirka');
Insert into SUROVIAK3.MAJETOK (ID_MAJETOK,ID_ODDELENIA,NAKUPNA_CENA,DATUM_NAKUPU,ZIVOTNOST,ZARUKA,SEVISNE_OBDOBIE,ID_TYPU_MAJETKU,DATUM_VYRADENIA,STAV_MAJETKU,POPIS) values ('1034','2','550',to_date('08.10.15','DD.MM.RR'),'700','360','360','5',null,null,'CANON - kopirka');
Insert into SUROVIAK3.MAJETOK (ID_MAJETOK,ID_ODDELENIA,NAKUPNA_CENA,DATUM_NAKUPU,ZIVOTNOST,ZARUKA,SEVISNE_OBDOBIE,ID_TYPU_MAJETKU,DATUM_VYRADENIA,STAV_MAJETKU,POPIS) values ('1035','6','2000',to_date('08.10.15','DD.MM.RR'),'7000','3600','360','1',null,null,'CANON - 3D tlaciaren');
Insert into SUROVIAK3.MAJETOK (ID_MAJETOK,ID_ODDELENIA,NAKUPNA_CENA,DATUM_NAKUPU,ZIVOTNOST,ZARUKA,SEVISNE_OBDOBIE,ID_TYPU_MAJETKU,DATUM_VYRADENIA,STAV_MAJETKU,POPIS) values ('1036','7','2500',to_date('08.10.15','DD.MM.RR'),'7000','3600','360','1',null,null,'CANON - 3D tlaciaren Ultra');
Insert into SUROVIAK3.MAJETOK (ID_MAJETOK,ID_ODDELENIA,NAKUPNA_CENA,DATUM_NAKUPU,ZIVOTNOST,ZARUKA,SEVISNE_OBDOBIE,ID_TYPU_MAJETKU,DATUM_VYRADENIA,STAV_MAJETKU,POPIS) values ('1037','8','1500',to_date('08.10.15','DD.MM.RR'),'7000','3600','360','1',null,null,'HP - 3D ');
Insert into SUROVIAK3.MAJETOK (ID_MAJETOK,ID_ODDELENIA,NAKUPNA_CENA,DATUM_NAKUPU,ZIVOTNOST,ZARUKA,SEVISNE_OBDOBIE,ID_TYPU_MAJETKU,DATUM_VYRADENIA,STAV_MAJETKU,POPIS) values ('1038','2','1500',to_date('13.10.15','DD.MM.RR'),'1000','500','360','1',null,null,'Laser jet 150m');
Insert into SUROVIAK3.MAJETOK (ID_MAJETOK,ID_ODDELENIA,NAKUPNA_CENA,DATUM_NAKUPU,ZIVOTNOST,ZARUKA,SEVISNE_OBDOBIE,ID_TYPU_MAJETKU,DATUM_VYRADENIA,STAV_MAJETKU,POPIS) values ('1040','3','1850',to_date('13.10.15','DD.MM.RR'),'2000','670','360','1',null,null,'laserova super  jet 150m');
Insert into SUROVIAK3.MAJETOK (ID_MAJETOK,ID_ODDELENIA,NAKUPNA_CENA,DATUM_NAKUPU,ZIVOTNOST,ZARUKA,SEVISNE_OBDOBIE,ID_TYPU_MAJETKU,DATUM_VYRADENIA,STAV_MAJETKU,POPIS) values ('1041','14','1950',to_date('13.10.15','DD.MM.RR'),'2000','670','360','1',null,null,'laserova super  150m');
Insert into SUROVIAK3.MAJETOK (ID_MAJETOK,ID_ODDELENIA,NAKUPNA_CENA,DATUM_NAKUPU,ZIVOTNOST,ZARUKA,SEVISNE_OBDOBIE,ID_TYPU_MAJETKU,DATUM_VYRADENIA,STAV_MAJETKU,POPIS) values ('1042','13','1111',to_date('13.10.15','DD.MM.RR'),'3000','1000','360','5',null,null,'3D super  150m');
REM INSERTING into SUROVIAK3.MATERIAL_NA_AKTIVITU
SET DEFINE OFF;
Insert into SUROVIAK3.MATERIAL_NA_AKTIVITU (ID_MATERIALU,ID_ODDELENIA,ID_TYPU_MATERIALU,NAKUPNA_CENA,POCET) values ('322','1','5','3','27');
Insert into SUROVIAK3.MATERIAL_NA_AKTIVITU (ID_MATERIALU,ID_ODDELENIA,ID_TYPU_MATERIALU,NAKUPNA_CENA,POCET) values ('1000','1','1','0,5','50');
Insert into SUROVIAK3.MATERIAL_NA_AKTIVITU (ID_MATERIALU,ID_ODDELENIA,ID_TYPU_MATERIALU,NAKUPNA_CENA,POCET) values ('1001','4','1','1','100');
Insert into SUROVIAK3.MATERIAL_NA_AKTIVITU (ID_MATERIALU,ID_ODDELENIA,ID_TYPU_MATERIALU,NAKUPNA_CENA,POCET) values ('1002','1','27','20','5');
Insert into SUROVIAK3.MATERIAL_NA_AKTIVITU (ID_MATERIALU,ID_ODDELENIA,ID_TYPU_MATERIALU,NAKUPNA_CENA,POCET) values ('123','1','4','10','10');
Insert into SUROVIAK3.MATERIAL_NA_AKTIVITU (ID_MATERIALU,ID_ODDELENIA,ID_TYPU_MATERIALU,NAKUPNA_CENA,POCET) values ('321','6','3','10','5');
Insert into SUROVIAK3.MATERIAL_NA_AKTIVITU (ID_MATERIALU,ID_ODDELENIA,ID_TYPU_MATERIALU,NAKUPNA_CENA,POCET) values ('1','2','7','10','25');
Insert into SUROVIAK3.MATERIAL_NA_AKTIVITU (ID_MATERIALU,ID_ODDELENIA,ID_TYPU_MATERIALU,NAKUPNA_CENA,POCET) values ('2','2','4','2','25');
Insert into SUROVIAK3.MATERIAL_NA_AKTIVITU (ID_MATERIALU,ID_ODDELENIA,ID_TYPU_MATERIALU,NAKUPNA_CENA,POCET) values ('3','2','1','0,25','25');
Insert into SUROVIAK3.MATERIAL_NA_AKTIVITU (ID_MATERIALU,ID_ODDELENIA,ID_TYPU_MATERIALU,NAKUPNA_CENA,POCET) values ('323','1','4','100','10');
Insert into SUROVIAK3.MATERIAL_NA_AKTIVITU (ID_MATERIALU,ID_ODDELENIA,ID_TYPU_MATERIALU,NAKUPNA_CENA,POCET) values ('324','1','8','2','1');
REM INSERTING into SUROVIAK3.NACHADZA_SA
SET DEFINE OFF;
Insert into SUROVIAK3.NACHADZA_SA (ID_ODDELENIA,ID_ODDELENIA_SYN) values ('1','4');
Insert into SUROVIAK3.NACHADZA_SA (ID_ODDELENIA,ID_ODDELENIA_SYN) values ('1','5');
Insert into SUROVIAK3.NACHADZA_SA (ID_ODDELENIA,ID_ODDELENIA_SYN) values ('9','10');
Insert into SUROVIAK3.NACHADZA_SA (ID_ODDELENIA,ID_ODDELENIA_SYN) values ('9','11');
Insert into SUROVIAK3.NACHADZA_SA (ID_ODDELENIA,ID_ODDELENIA_SYN) values ('11','12');
Insert into SUROVIAK3.NACHADZA_SA (ID_ODDELENIA,ID_ODDELENIA_SYN) values ('5','6');
Insert into SUROVIAK3.NACHADZA_SA (ID_ODDELENIA,ID_ODDELENIA_SYN) values ('5','7');
Insert into SUROVIAK3.NACHADZA_SA (ID_ODDELENIA,ID_ODDELENIA_SYN) values ('5','8');
REM INSERTING into SUROVIAK3.ODDELENIE
SET DEFINE OFF;
Insert into SUROVIAK3.ODDELENIE (ID_ODDELENIA,ID_TYPU_ODD,POPIS,ID_ODDELENIA_PARENT) values ('1','1','Fakulta riadenia a informatiky',null);
Insert into SUROVIAK3.ODDELENIE (ID_ODDELENIA,ID_TYPU_ODD,POPIS,ID_ODDELENIA_PARENT) values ('2','1','Strojnicka fakulta',null);
Insert into SUROVIAK3.ODDELENIE (ID_ODDELENIA,ID_TYPU_ODD,POPIS,ID_ODDELENIA_PARENT) values ('3','1','Stavebna fakulta',null);
Insert into SUROVIAK3.ODDELENIE (ID_ODDELENIA,ID_TYPU_ODD,POPIS,ID_ODDELENIA_PARENT) values ('4','2','Katedra informacnych sieti','1');
Insert into SUROVIAK3.ODDELENIE (ID_ODDELENIA,ID_TYPU_ODD,POPIS,ID_ODDELENIA_PARENT) values ('5','2','Katedra informatiky','1');
Insert into SUROVIAK3.ODDELENIE (ID_ODDELENIA,ID_TYPU_ODD,POPIS,ID_ODDELENIA_PARENT) values ('6','3','FRA12','5');
Insert into SUROVIAK3.ODDELENIE (ID_ODDELENIA,ID_TYPU_ODD,POPIS,ID_ODDELENIA_PARENT) values ('7','3','FRA11','5');
Insert into SUROVIAK3.ODDELENIE (ID_ODDELENIA,ID_TYPU_ODD,POPIS,ID_ODDELENIA_PARENT) values ('8','3','FRA10','5');
Insert into SUROVIAK3.ODDELENIE (ID_ODDELENIA,ID_TYPU_ODD,POPIS,ID_ODDELENIA_PARENT) values ('9','1','Fakulta dopravnych sieti',null);
Insert into SUROVIAK3.ODDELENIE (ID_ODDELENIA,ID_TYPU_ODD,POPIS,ID_ODDELENIA_PARENT) values ('10','2','Katedra autobusov','9');
Insert into SUROVIAK3.ODDELENIE (ID_ODDELENIA,ID_TYPU_ODD,POPIS,ID_ODDELENIA_PARENT) values ('11','2','Katedra lodi','9');
Insert into SUROVIAK3.ODDELENIE (ID_ODDELENIA,ID_TYPU_ODD,POPIS,ID_ODDELENIA_PARENT) values ('12','3','Ucebna lodna','11');
Insert into SUROVIAK3.ODDELENIE (ID_ODDELENIA,ID_TYPU_ODD,POPIS,ID_ODDELENIA_PARENT) values ('13','1','Fakulta prevadzky a ekonomiky dopravy a spojov',null);
Insert into SUROVIAK3.ODDELENIE (ID_ODDELENIA,ID_TYPU_ODD,POPIS,ID_ODDELENIA_PARENT) values ('14','1','Elektrotechnicka fakulta',null);
Insert into SUROVIAK3.ODDELENIE (ID_ODDELENIA,ID_TYPU_ODD,POPIS,ID_ODDELENIA_PARENT) values ('15','1','Fakulta bezpecnostneho inzinierstva',null);
Insert into SUROVIAK3.ODDELENIE (ID_ODDELENIA,ID_TYPU_ODD,POPIS,ID_ODDELENIA_PARENT) values ('16','1','Fakulta humanitnych vied',null);
Insert into SUROVIAK3.ODDELENIE (ID_ODDELENIA,ID_TYPU_ODD,POPIS,ID_ODDELENIA_PARENT) values ('17','2','Katedra anglickeho jazyka a literatury','16');
Insert into SUROVIAK3.ODDELENIE (ID_ODDELENIA,ID_TYPU_ODD,POPIS,ID_ODDELENIA_PARENT) values ('18','2','Katedra hudby','16');
Insert into SUROVIAK3.ODDELENIE (ID_ODDELENIA,ID_TYPU_ODD,POPIS,ID_ODDELENIA_PARENT) values ('19','2','Katedra matematiky','16');
Insert into SUROVIAK3.ODDELENIE (ID_ODDELENIA,ID_TYPU_ODD,POPIS,ID_ODDELENIA_PARENT) values ('20','2','Katedra mediamatiky a kulturneho dedicstva','16');
Insert into SUROVIAK3.ODDELENIE (ID_ODDELENIA,ID_TYPU_ODD,POPIS,ID_ODDELENIA_PARENT) values ('21','2','Katedra nabozenskych studii','16');
Insert into SUROVIAK3.ODDELENIE (ID_ODDELENIA,ID_TYPU_ODD,POPIS,ID_ODDELENIA_PARENT) values ('22','2','Katedra pedagogickych studii','16');
Insert into SUROVIAK3.ODDELENIE (ID_ODDELENIA,ID_TYPU_ODD,POPIS,ID_ODDELENIA_PARENT) values ('23','2','Katedra makro a mikroekonomiky','1');
Insert into SUROVIAK3.ODDELENIE (ID_ODDELENIA,ID_TYPU_ODD,POPIS,ID_ODDELENIA_PARENT) values ('25','2','Katedra matematickych metod a operacnej analyzy','1');
Insert into SUROVIAK3.ODDELENIE (ID_ODDELENIA,ID_TYPU_ODD,POPIS,ID_ODDELENIA_PARENT) values ('24','2','Katedra manazerskych teorii','1');
Insert into SUROVIAK3.ODDELENIE (ID_ODDELENIA,ID_TYPU_ODD,POPIS,ID_ODDELENIA_PARENT) values ('26','2','Katedra technickej kybernetiky','1');
REM INSERTING into SUROVIAK3.OSOBY
SET DEFINE OFF;
Insert into SUROVIAK3.OSOBY (RODNE_CISLO,MENO,PRIEZVISKO,KONTAKTY) values ('12345678901','POZV','PRV',SUROVIAK3.POLE_KONTAKTOV());
Insert into SUROVIAK3.OSOBY (RODNE_CISLO,MENO,PRIEZVISKO,KONTAKTY) values ('900117/9451','Jozko','Mrkvicka',SUROVIAK3.POLE_KONTAKTOV(SUROVIAK3.T_KONTAKT('mobil','09153548945465')));
Insert into SUROVIAK3.OSOBY (RODNE_CISLO,MENO,PRIEZVISKO,KONTAKTY) values ('946105/9872','Lojzo','Gustav',SUROVIAK3.POLE_KONTAKTOV(SUROVIAK3.T_KONTAKT('mobil','091123456')));
Insert into SUROVIAK3.OSOBY (RODNE_CISLO,MENO,PRIEZVISKO,KONTAKTY) values ('905222/8020','Katka','Neposedna',SUROVIAK3.POLE_KONTAKTOV(SUROVIAK3.T_KONTAKT('mobil','123456'),SUROVIAK3.T_KONTAKT('mobil','321')));
Insert into SUROVIAK3.OSOBY (RODNE_CISLO,MENO,PRIEZVISKO,KONTAKTY) values ('935724/0717','Janka','Neposedna',SUROVIAK3.POLE_KONTAKTOV(SUROVIAK3.T_KONTAKT('mobil','654321'),SUROVIAK3.T_KONTAKT('mail','@g'),SUROVIAK3.T_KONTAKT('mail','gmail.com'),SUROVIAK3.T_KONTAKT('tel.cislo','1234')));
Insert into SUROVIAK3.OSOBY (RODNE_CISLO,MENO,PRIEZVISKO,KONTAKTY) values ('880903/1176','Janko','Jankov',SUROVIAK3.POLE_KONTAKTOV(SUROVIAK3.T_KONTAKT('mobil','0798'),SUROVIAK3.T_KONTAKT('mail','@gmail')));
Insert into SUROVIAK3.OSOBY (RODNE_CISLO,MENO,PRIEZVISKO,KONTAKTY) values ('654321/4321','Pe','ter',SUROVIAK3.POLE_KONTAKTOV());
Insert into SUROVIAK3.OSOBY (RODNE_CISLO,MENO,PRIEZVISKO,KONTAKTY) values ('456789/1234','Rara','Stosto',SUROVIAK3.POLE_KONTAKTOV());
Insert into SUROVIAK3.OSOBY (RODNE_CISLO,MENO,PRIEZVISKO,KONTAKTY) values ('123789/4561','Ra','Sto',SUROVIAK3.POLE_KONTAKTOV());
Insert into SUROVIAK3.OSOBY (RODNE_CISLO,MENO,PRIEZVISKO,KONTAKTY) values ('987654/4321','Misoooooooooooo','Vana',SUROVIAK3.POLE_KONTAKTOV());
Insert into SUROVIAK3.OSOBY (RODNE_CISLO,MENO,PRIEZVISKO,KONTAKTY) values ('765432/9876','Do','minik',SUROVIAK3.POLE_KONTAKTOV());
Insert into SUROVIAK3.OSOBY (RODNE_CISLO,MENO,PRIEZVISKO,KONTAKTY) values ('841106/3456','Peter','Novak',SUROVIAK3.POLE_KONTAKTOV());
Insert into SUROVIAK3.OSOBY (RODNE_CISLO,MENO,PRIEZVISKO,KONTAKTY) values ('840312/7845','Stanislav','Steinmuller',SUROVIAK3.POLE_KONTAKTOV());
Insert into SUROVIAK3.OSOBY (RODNE_CISLO,MENO,PRIEZVISKO,KONTAKTY) values ('860907/1259','Janos','Toth',SUROVIAK3.POLE_KONTAKTOV());
Insert into SUROVIAK3.OSOBY (RODNE_CISLO,MENO,PRIEZVISKO,KONTAKTY) values ('850130/3695','Marek','Ratroch',SUROVIAK3.POLE_KONTAKTOV());
Insert into SUROVIAK3.OSOBY (RODNE_CISLO,MENO,PRIEZVISKO,KONTAKTY) values ('841201/1248','Bohuslav','Biely',SUROVIAK3.POLE_KONTAKTOV());
Insert into SUROVIAK3.OSOBY (RODNE_CISLO,MENO,PRIEZVISKO,KONTAKTY) values ('830514/5341','Branislav','Balaz',SUROVIAK3.POLE_KONTAKTOV());
Insert into SUROVIAK3.OSOBY (RODNE_CISLO,MENO,PRIEZVISKO,KONTAKTY) values ('781015/4431','Peter','Kapustny',SUROVIAK3.POLE_KONTAKTOV());
Insert into SUROVIAK3.OSOBY (RODNE_CISLO,MENO,PRIEZVISKO,KONTAKTY) values ('800407/3522','Marek','Durica',SUROVIAK3.POLE_KONTAKTOV());
Insert into SUROVIAK3.OSOBY (RODNE_CISLO,MENO,PRIEZVISKO,KONTAKTY) values ('791229/5431','Martin','Kluciar',SUROVIAK3.POLE_KONTAKTOV());
Insert into SUROVIAK3.OSOBY (RODNE_CISLO,MENO,PRIEZVISKO,KONTAKTY) values ('871124/3578','Lukas','Satrapa',SUROVIAK3.POLE_KONTAKTOV());
Insert into SUROVIAK3.OSOBY (RODNE_CISLO,MENO,PRIEZVISKO,KONTAKTY) values ('871203/5472','Jan','Krnac',SUROVIAK3.POLE_KONTAKTOV());
Insert into SUROVIAK3.OSOBY (RODNE_CISLO,MENO,PRIEZVISKO,KONTAKTY) values ('890310/2145','Juraj','Papun',SUROVIAK3.POLE_KONTAKTOV());
Insert into SUROVIAK3.OSOBY (RODNE_CISLO,MENO,PRIEZVISKO,KONTAKTY) values ('911001/3623','Andrej','Janci',SUROVIAK3.POLE_KONTAKTOV());
Insert into SUROVIAK3.OSOBY (RODNE_CISLO,MENO,PRIEZVISKO,KONTAKTY) values ('901130/4454','Zdeno','Svetkovsky',SUROVIAK3.POLE_KONTAKTOV());
Insert into SUROVIAK3.OSOBY (RODNE_CISLO,MENO,PRIEZVISKO,KONTAKTY) values ('921225/7452','Rastislav','Kontros',SUROVIAK3.POLE_KONTAKTOV());
Insert into SUROVIAK3.OSOBY (RODNE_CISLO,MENO,PRIEZVISKO,KONTAKTY) values ('900913/3326','Frantisek','Murgas',SUROVIAK3.POLE_KONTAKTOV());
Insert into SUROVIAK3.OSOBY (RODNE_CISLO,MENO,PRIEZVISKO,KONTAKTY) values ('890608/4543','Lubos','Lehotsky',SUROVIAK3.POLE_KONTAKTOV());
Insert into SUROVIAK3.OSOBY (RODNE_CISLO,MENO,PRIEZVISKO,KONTAKTY) values ('860103/2238','Rudolf','Kovac',SUROVIAK3.POLE_KONTAKTOV());
Insert into SUROVIAK3.OSOBY (RODNE_CISLO,MENO,PRIEZVISKO,KONTAKTY) values ('896123/5471','Zuzana','Slamova',SUROVIAK3.POLE_KONTAKTOV());
Insert into SUROVIAK3.OSOBY (RODNE_CISLO,MENO,PRIEZVISKO,KONTAKTY) values ('855122/8569','Erika','Lipovska',SUROVIAK3.POLE_KONTAKTOV());
Insert into SUROVIAK3.OSOBY (RODNE_CISLO,MENO,PRIEZVISKO,KONTAKTY) values ('830914/7748','Robert','Mazur',SUROVIAK3.POLE_KONTAKTOV());
Insert into SUROVIAK3.OSOBY (RODNE_CISLO,MENO,PRIEZVISKO,KONTAKTY) values ('840410/6777','Alojz','Gazo',SUROVIAK3.POLE_KONTAKTOV());
Insert into SUROVIAK3.OSOBY (RODNE_CISLO,MENO,PRIEZVISKO,KONTAKTY) values ('840409/7900','Zoltan','Sim',SUROVIAK3.POLE_KONTAKTOV());
Insert into SUROVIAK3.OSOBY (RODNE_CISLO,MENO,PRIEZVISKO,KONTAKTY) values ('830420/8088','Zdenko','Olzbut',SUROVIAK3.POLE_KONTAKTOV());
Insert into SUROVIAK3.OSOBY (RODNE_CISLO,MENO,PRIEZVISKO,KONTAKTY) values ('830301/7789','Martin','Skuta',SUROVIAK3.POLE_KONTAKTOV());
Insert into SUROVIAK3.OSOBY (RODNE_CISLO,MENO,PRIEZVISKO,KONTAKTY) values ('831002/8463','Jozef','Brna',SUROVIAK3.POLE_KONTAKTOV());
Insert into SUROVIAK3.OSOBY (RODNE_CISLO,MENO,PRIEZVISKO,KONTAKTY) values ('840307/7485','Lubomir','Kominek',SUROVIAK3.POLE_KONTAKTOV());
Insert into SUROVIAK3.OSOBY (RODNE_CISLO,MENO,PRIEZVISKO,KONTAKTY) values ('840821/8027','Jaroslav','Cipak',SUROVIAK3.POLE_KONTAKTOV());
Insert into SUROVIAK3.OSOBY (RODNE_CISLO,MENO,PRIEZVISKO,KONTAKTY) values ('830324/7887','Peter','Stelbasky',SUROVIAK3.POLE_KONTAKTOV());
Insert into SUROVIAK3.OSOBY (RODNE_CISLO,MENO,PRIEZVISKO,KONTAKTY) values ('830703/7486','Peter','Minarik',SUROVIAK3.POLE_KONTAKTOV());
Insert into SUROVIAK3.OSOBY (RODNE_CISLO,MENO,PRIEZVISKO,KONTAKTY) values ('820101/8452','Juraj','Tuma',SUROVIAK3.POLE_KONTAKTOV());
Insert into SUROVIAK3.OSOBY (RODNE_CISLO,MENO,PRIEZVISKO,KONTAKTY) values ('840409/7680','Dusan','Bucany',SUROVIAK3.POLE_KONTAKTOV());
Insert into SUROVIAK3.OSOBY (RODNE_CISLO,MENO,PRIEZVISKO,KONTAKTY) values ('831204/7766','Peter','Korenciak',SUROVIAK3.POLE_KONTAKTOV());
Insert into SUROVIAK3.OSOBY (RODNE_CISLO,MENO,PRIEZVISKO,KONTAKTY) values ('810101/8079','Miroslav','Gmuca',SUROVIAK3.POLE_KONTAKTOV());
REM INSERTING into SUROVIAK3.PRACOVNIK
SET DEFINE OFF;
Insert into SUROVIAK3.PRACOVNIK (OSOBNE_CISLO,ID_TYPU_PRAC,RODNE_CISLO) values ('1','1','900117/9451');
Insert into SUROVIAK3.PRACOVNIK (OSOBNE_CISLO,ID_TYPU_PRAC,RODNE_CISLO) values ('2','2','946105/9872');
Insert into SUROVIAK3.PRACOVNIK (OSOBNE_CISLO,ID_TYPU_PRAC,RODNE_CISLO) values ('3','2','905222/8020');
Insert into SUROVIAK3.PRACOVNIK (OSOBNE_CISLO,ID_TYPU_PRAC,RODNE_CISLO) values ('4','1','935724/0717');
Insert into SUROVIAK3.PRACOVNIK (OSOBNE_CISLO,ID_TYPU_PRAC,RODNE_CISLO) values ('5','1','880903/1176');
Insert into SUROVIAK3.PRACOVNIK (OSOBNE_CISLO,ID_TYPU_PRAC,RODNE_CISLO) values ('6','1','905222/8020');
Insert into SUROVIAK3.PRACOVNIK (OSOBNE_CISLO,ID_TYPU_PRAC,RODNE_CISLO) values ('7','4','860907/1259');
Insert into SUROVIAK3.PRACOVNIK (OSOBNE_CISLO,ID_TYPU_PRAC,RODNE_CISLO) values ('8','7','810101/8079');
Insert into SUROVIAK3.PRACOVNIK (OSOBNE_CISLO,ID_TYPU_PRAC,RODNE_CISLO) values ('9','19','831204/7766');
Insert into SUROVIAK3.PRACOVNIK (OSOBNE_CISLO,ID_TYPU_PRAC,RODNE_CISLO) values ('10','13','840409/7680');
Insert into SUROVIAK3.PRACOVNIK (OSOBNE_CISLO,ID_TYPU_PRAC,RODNE_CISLO) values ('11','6','820101/8452');
Insert into SUROVIAK3.PRACOVNIK (OSOBNE_CISLO,ID_TYPU_PRAC,RODNE_CISLO) values ('12','18','830324/7887');
Insert into SUROVIAK3.PRACOVNIK (OSOBNE_CISLO,ID_TYPU_PRAC,RODNE_CISLO) values ('13','22','840307/7485');
Insert into SUROVIAK3.PRACOVNIK (OSOBNE_CISLO,ID_TYPU_PRAC,RODNE_CISLO) values ('14','23','831002/8463');
Insert into SUROVIAK3.PRACOVNIK (OSOBNE_CISLO,ID_TYPU_PRAC,RODNE_CISLO) values ('15','25','791229/5431');
REM INSERTING into SUROVIAK3.PREDMET
SET DEFINE OFF;
Insert into SUROVIAK3.PREDMET (CIS_PREDM,NAZOV) values ('BH09','Teoria automatickeho riadenia 2');
Insert into SUROVIAK3.PREDMET (CIS_PREDM,NAZOV) values ('IH11','Uvod do teorie diskretnych systemov');
Insert into SUROVIAK3.PREDMET (CIS_PREDM,NAZOV) values ('IH09','Cislicove spracovanie signalov 1.');
Insert into SUROVIAK3.PREDMET (CIS_PREDM,NAZOV) values ('IH06','Cislicovy prenos dat');
Insert into SUROVIAK3.PREDMET (CIS_PREDM,NAZOV) values ('II23','Umela inteligencia');
Insert into SUROVIAK3.PREDMET (CIS_PREDM,NAZOV) values ('IS09','Expertne systemy');
Insert into SUROVIAK3.PREDMET (CIS_PREDM,NAZOV) values ('IE10','Uctovnictvo a rozbory');
Insert into SUROVIAK3.PREDMET (CIS_PREDM,NAZOV) values ('IPH1','Projekt 1');
Insert into SUROVIAK3.PREDMET (CIS_PREDM,NAZOV) values ('IPH2','Projekt 2');
Insert into SUROVIAK3.PREDMET (CIS_PREDM,NAZOV) values ('IPH3','Projekt 3');
Insert into SUROVIAK3.PREDMET (CIS_PREDM,NAZOV) values ('IE13','Controlling');
Insert into SUROVIAK3.PREDMET (CIS_PREDM,NAZOV) values ('BA07','Operacna analyza 2.');
Insert into SUROVIAK3.PREDMET (CIS_PREDM,NAZOV) values ('BE07','Financie');
Insert into SUROVIAK3.PREDMET (CIS_PREDM,NAZOV) values ('BE08','Makroekonomia');
Insert into SUROVIAK3.PREDMET (CIS_PREDM,NAZOV) values ('IE01','Teoria podniku');
Insert into SUROVIAK3.PREDMET (CIS_PREDM,NAZOV) values ('II01','Fuzzy mnoziny a neuronove siete');
Insert into SUROVIAK3.PREDMET (CIS_PREDM,NAZOV) values ('BL12','Telesna vychova 4.');
Insert into SUROVIAK3.PREDMET (CIS_PREDM,NAZOV) values ('BL18','Jazyk anglicky 4.');
Insert into SUROVIAK3.PREDMET (CIS_PREDM,NAZOV) values ('BE10','Podnikova logistika');
Insert into SUROVIAK3.PREDMET (CIS_PREDM,NAZOV) values ('BL22','Jazyk nemecky 4.');
Insert into SUROVIAK3.PREDMET (CIS_PREDM,NAZOV) values ('II08','Diskretna simulacia');
Insert into SUROVIAK3.PREDMET (CIS_PREDM,NAZOV) values ('BF08','Diskretna matematika');
Insert into SUROVIAK3.PREDMET (CIS_PREDM,NAZOV) values ('BM02','Marketing sluzieb');
Insert into SUROVIAK3.PREDMET (CIS_PREDM,NAZOV) values ('BM07','Manazerska komunikacia');
Insert into SUROVIAK3.PREDMET (CIS_PREDM,NAZOV) values ('BL14','Telesna vychova 6');
Insert into SUROVIAK3.PREDMET (CIS_PREDM,NAZOV) values ('BA06','Modelovanie a optimalizacia');
Insert into SUROVIAK3.PREDMET (CIS_PREDM,NAZOV) values ('BM12','Manazment ludskych zdrojov');
Insert into SUROVIAK3.PREDMET (CIS_PREDM,NAZOV) values ('BF04','Elektrotechnika');
Insert into SUROVIAK3.PREDMET (CIS_PREDM,NAZOV) values ('BF07','Elektronika');
Insert into SUROVIAK3.PREDMET (CIS_PREDM,NAZOV) values ('BH05','Elektronicke systemy');
Insert into SUROVIAK3.PREDMET (CIS_PREDM,NAZOV) values ('BN10','Komunikacne technologie');
Insert into SUROVIAK3.PREDMET (CIS_PREDM,NAZOV) values ('BH13','Mikropocitace a ich aplikacie');
Insert into SUROVIAK3.PREDMET (CIS_PREDM,NAZOV) values ('BH17','Prvky automatickych systemov');
Insert into SUROVIAK3.PREDMET (CIS_PREDM,NAZOV) values ('IE07','Medzinarodny obchod');
Insert into SUROVIAK3.PREDMET (CIS_PREDM,NAZOV) values ('BS05','Identifikacia systemov');
Insert into SUROVIAK3.PREDMET (CIS_PREDM,NAZOV) values ('IM12','Kvantitativne metody pre logistiku');
Insert into SUROVIAK3.PREDMET (CIS_PREDM,NAZOV) values ('BL10','Telesna vychova 2.');
Insert into SUROVIAK3.PREDMET (CIS_PREDM,NAZOV) values ('BL11','Telesna vychova 3.');
Insert into SUROVIAK3.PREDMET (CIS_PREDM,NAZOV) values ('BL17','Jazyk anglicky 3.');
Insert into SUROVIAK3.PREDMET (CIS_PREDM,NAZOV) values ('BL13','Telesna vychova 5');
Insert into SUROVIAK3.PREDMET (CIS_PREDM,NAZOV) values ('IM17','Organizacne spravanie');
Insert into SUROVIAK3.PREDMET (CIS_PREDM,NAZOV) values ('IN08','Komunikacne systemy');
Insert into SUROVIAK3.PREDMET (CIS_PREDM,NAZOV) values ('BH08','Teoria automatickeho riadenia 1');
Insert into SUROVIAK3.PREDMET (CIS_PREDM,NAZOV) values ('BI01','Zaklady informatiky 1');
Insert into SUROVIAK3.PREDMET (CIS_PREDM,NAZOV) values ('BI02','Zaklady informatiky 2');
Insert into SUROVIAK3.PREDMET (CIS_PREDM,NAZOV) values ('BA14','Pravdepodobnost a statistika 2');
Insert into SUROVIAK3.PREDMET (CIS_PREDM,NAZOV) values ('IN07','Prenos signalu');
Insert into SUROVIAK3.PREDMET (CIS_PREDM,NAZOV) values ('BI10','Java - jazyk a vyvoj aplikacii');
Insert into SUROVIAK3.PREDMET (CIS_PREDM,NAZOV) values ('BI11','Praktikum z programovania 1.');
Insert into SUROVIAK3.PREDMET (CIS_PREDM,NAZOV) values ('BL03','Pravo 1.');
Insert into SUROVIAK3.PREDMET (CIS_PREDM,NAZOV) values ('IN09','Optimalizacia sieti');
Insert into SUROVIAK3.PREDMET (CIS_PREDM,NAZOV) values ('II15','Udajove struktury 2');
Insert into SUROVIAK3.PREDMET (CIS_PREDM,NAZOV) values ('IA06','Matematicke programovanie');
Insert into SUROVIAK3.PREDMET (CIS_PREDM,NAZOV) values ('BA11','Pravdepodobnost a statistika 1');
Insert into SUROVIAK3.PREDMET (CIS_PREDM,NAZOV) values ('BA13','Modelovanie a simulacia');
Insert into SUROVIAK3.PREDMET (CIS_PREDM,NAZOV) values ('BE13','Marketing 1');
Insert into SUROVIAK3.PREDMET (CIS_PREDM,NAZOV) values ('BL21','Jazyk nemecky 3.');
Insert into SUROVIAK3.PREDMET (CIS_PREDM,NAZOV) values ('BH22','Teoria automatickeho riadenia 2');
Insert into SUROVIAK3.PREDMET (CIS_PREDM,NAZOV) values ('BI24','Udajove struktury 1');
Insert into SUROVIAK3.PREDMET (CIS_PREDM,NAZOV) values ('II12','Databazy a ziskanie znalosti');
Insert into SUROVIAK3.PREDMET (CIS_PREDM,NAZOV) values ('IPD1','Projekt 1');
Insert into SUROVIAK3.PREDMET (CIS_PREDM,NAZOV) values ('IPA1','Projekt 1');
Insert into SUROVIAK3.PREDMET (CIS_PREDM,NAZOV) values ('IPN1','Projekt 1');
Insert into SUROVIAK3.PREDMET (CIS_PREDM,NAZOV) values ('IPD2','Projekt 2');
Insert into SUROVIAK3.PREDMET (CIS_PREDM,NAZOV) values ('IPA2','Projekt 2');
Insert into SUROVIAK3.PREDMET (CIS_PREDM,NAZOV) values ('IPN2','Projekt 2');
Insert into SUROVIAK3.PREDMET (CIS_PREDM,NAZOV) values ('IPD3','Projekt 3');
Insert into SUROVIAK3.PREDMET (CIS_PREDM,NAZOV) values ('IPA3','Projekt 3');
Insert into SUROVIAK3.PREDMET (CIS_PREDM,NAZOV) values ('IPN3','Projekt 3');
Insert into SUROVIAK3.PREDMET (CIS_PREDM,NAZOV) values ('II14','Pocitacova grafika');
Insert into SUROVIAK3.PREDMET (CIS_PREDM,NAZOV) values ('BF11','Matematicka analyza 1.');
Insert into SUROVIAK3.PREDMET (CIS_PREDM,NAZOV) values ('BI30','Jazyk C++');
Insert into SUROVIAK3.PREDMET (CIS_PREDM,NAZOV) values ('BL06','Psychologia');
Insert into SUROVIAK3.PREDMET (CIS_PREDM,NAZOV) values ('BL35','Sociologia');
Insert into SUROVIAK3.PREDMET (CIS_PREDM,NAZOV) values ('BL19','Jazyk nemecky 1.');
Insert into SUROVIAK3.PREDMET (CIS_PREDM,NAZOV) values ('BL16','Jazyk anglicky 2.');
Insert into SUROVIAK3.PREDMET (CIS_PREDM,NAZOV) values ('IA07','Prognostika');
Insert into SUROVIAK3.PREDMET (CIS_PREDM,NAZOV) values ('II03','Databazove jazyky');
Insert into SUROVIAK3.PREDMET (CIS_PREDM,NAZOV) values ('IN05','Sietove architektury');
Insert into SUROVIAK3.PREDMET (CIS_PREDM,NAZOV) values ('IE08','Ekonometria');
Insert into SUROVIAK3.PREDMET (CIS_PREDM,NAZOV) values ('II07','Databazove systemy 2');
Insert into SUROVIAK3.PREDMET (CIS_PREDM,NAZOV) values ('II13','Pokrocile objektove technologie');
Insert into SUROVIAK3.PREDMET (CIS_PREDM,NAZOV) values ('IS04','Analyza procesov');
Insert into SUROVIAK3.PREDMET (CIS_PREDM,NAZOV) values ('BS02','Manazerske informacme systemy');
Insert into SUROVIAK3.PREDMET (CIS_PREDM,NAZOV) values ('BE05','Financne uctovnictvo');
Insert into SUROVIAK3.PREDMET (CIS_PREDM,NAZOV) values ('BF01','Algebra');
Insert into SUROVIAK3.PREDMET (CIS_PREDM,NAZOV) values ('II17','Kryptografia a bezpecnost');
Insert into SUROVIAK3.PREDMET (CIS_PREDM,NAZOV) values ('BF05','Zaklady fyziky');
Insert into SUROVIAK3.PREDMET (CIS_PREDM,NAZOV) values ('BF09','Praktikum z matematiky');
Insert into SUROVIAK3.PREDMET (CIS_PREDM,NAZOV) values ('BH01','Logicke systemy');
Insert into SUROVIAK3.PREDMET (CIS_PREDM,NAZOV) values ('BH04','Cislicove systemy');
Insert into SUROVIAK3.PREDMET (CIS_PREDM,NAZOV) values ('BH11','Uvod do teorie diskretnych systemov');
Insert into SUROVIAK3.PREDMET (CIS_PREDM,NAZOV) values ('BH14','Riadenie pocitacom');
Insert into SUROVIAK3.PREDMET (CIS_PREDM,NAZOV) values ('BI03','C-jazyk');
Insert into SUROVIAK3.PREDMET (CIS_PREDM,NAZOV) values ('BI06','Zaklady databazovych systemov');
Insert into SUROVIAK3.PREDMET (CIS_PREDM,NAZOV) values ('BM10','Manazment');
Insert into SUROVIAK3.PREDMET (CIS_PREDM,NAZOV) values ('BA12','Grafy a kombinatorika');
Insert into SUROVIAK3.PREDMET (CIS_PREDM,NAZOV) values ('BL02','Cudzi jazyk');
Insert into SUROVIAK3.PREDMET (CIS_PREDM,NAZOV) values ('BA16','Operacna analyza 1.');
Insert into SUROVIAK3.PREDMET (CIS_PREDM,NAZOV) values ('BL09','Telesna vychova 1.');
Insert into SUROVIAK3.PREDMET (CIS_PREDM,NAZOV) values ('BH18','Cislicove pocitace');
Insert into SUROVIAK3.PREDMET (CIS_PREDM,NAZOV) values ('BH23','Mikroprocesory');
Insert into SUROVIAK3.PREDMET (CIS_PREDM,NAZOV) values ('BI23','Objektove programovanie');
Insert into SUROVIAK3.PREDMET (CIS_PREDM,NAZOV) values ('BI36','Praktikum z programovania 2.');
Insert into SUROVIAK3.PREDMET (CIS_PREDM,NAZOV) values ('BN07','Technologie elektronickeho obchodu');
Insert into SUROVIAK3.PREDMET (CIS_PREDM,NAZOV) values ('BS01','Operacne systemy');
Insert into SUROVIAK3.PREDMET (CIS_PREDM,NAZOV) values ('BL04','Pravo 2.');
Insert into SUROVIAK3.PREDMET (CIS_PREDM,NAZOV) values ('BL15','Jazyk anglicky 1.');
Insert into SUROVIAK3.PREDMET (CIS_PREDM,NAZOV) values ('BL20','Jazyk nemecky 2.');
Insert into SUROVIAK3.PREDMET (CIS_PREDM,NAZOV) values ('IM15','Medzinarodny marketing');
Insert into SUROVIAK3.PREDMET (CIS_PREDM,NAZOV) values ('IM14','Manazment kvality - pristupy a metody TQM');
Insert into SUROVIAK3.PREDMET (CIS_PREDM,NAZOV) values ('IM16','Marketingovy vyskum');
Insert into SUROVIAK3.PREDMET (CIS_PREDM,NAZOV) values ('IM19','Operacny manazment');
Insert into SUROVIAK3.PREDMET (CIS_PREDM,NAZOV) values ('BE01','Zaklady ekonomickej teorie');
Insert into SUROVIAK3.PREDMET (CIS_PREDM,NAZOV) values ('BE02','Mikroekonomia');
Insert into SUROVIAK3.PREDMET (CIS_PREDM,NAZOV) values ('BI28','Jazyk UML');
Insert into SUROVIAK3.PREDMET (CIS_PREDM,NAZOV) values ('BS03','Softverove inzinierstvo');
Insert into SUROVIAK3.PREDMET (CIS_PREDM,NAZOV) values ('IS07','Distribuovane systemy');
Insert into SUROVIAK3.PREDMET (CIS_PREDM,NAZOV) values ('BE04','Zaklady elektronickeho obchodu');
Insert into SUROVIAK3.PREDMET (CIS_PREDM,NAZOV) values ('BA08','Numericke metody');
Insert into SUROVIAK3.PREDMET (CIS_PREDM,NAZOV) values ('BA10','Teoria rozvrhov');
Insert into SUROVIAK3.PREDMET (CIS_PREDM,NAZOV) values ('BF10','Komplexna premenna a integralne transformacie');
Insert into SUROVIAK3.PREDMET (CIS_PREDM,NAZOV) values ('BF12','Matematicka analyza 2.');
Insert into SUROVIAK3.PREDMET (CIS_PREDM,NAZOV) values ('BF13','Matematicka analyza 3.');
Insert into SUROVIAK3.PREDMET (CIS_PREDM,NAZOV) values ('BM06','Marketingova komunikacia');
Insert into SUROVIAK3.PREDMET (CIS_PREDM,NAZOV) values ('IE11','Prognostika');
Insert into SUROVIAK3.PREDMET (CIS_PREDM,NAZOV) values ('SI36','Informacna podpora manazmentu');
Insert into SUROVIAK3.PREDMET (CIS_PREDM,NAZOV) values ('SI28','Informacne systemy');
Insert into SUROVIAK3.PREDMET (CIS_PREDM,NAZOV) values ('SI30','Aplikovana informatika');
Insert into SUROVIAK3.PREDMET (CIS_PREDM,NAZOV) values ('SI31','Informacno-komunikacne siete');
Insert into SUROVIAK3.PREDMET (CIS_PREDM,NAZOV) values ('SI37','Rozvoj manazmentu podniku');
Insert into SUROVIAK3.PREDMET (CIS_PREDM,NAZOV) values ('BN12','Sirokopasmove siete');
Insert into SUROVIAK3.PREDMET (CIS_PREDM,NAZOV) values ('IPM1','Projekt 1');
Insert into SUROVIAK3.PREDMET (CIS_PREDM,NAZOV) values ('IPM2','Projekt 2');
Insert into SUROVIAK3.PREDMET (CIS_PREDM,NAZOV) values ('IPM3','Projekt 3');
Insert into SUROVIAK3.PREDMET (CIS_PREDM,NAZOV) values ('C052','Siete novych generacii');
Insert into SUROVIAK3.PREDMET (CIS_PREDM,NAZOV) values ('C053','Opticke komunikacie');
Insert into SUROVIAK3.PREDMET (CIS_PREDM,NAZOV) values ('C054','Bezdrotove aplikacie');
Insert into SUROVIAK3.PREDMET (CIS_PREDM,NAZOV) values ('C055','Medzikulturna komunikacia');
Insert into SUROVIAK3.PREDMET (CIS_PREDM,NAZOV) values ('IZ99','Celkovy vysledok zaverecnej skusky');
Insert into SUROVIAK3.PREDMET (CIS_PREDM,NAZOV) values ('II21','Zaklady programovania v jadre operacneho systemu');
Insert into SUROVIAK3.PREDMET (CIS_PREDM,NAZOV) values ('BE14','Male a stredne podnikanie');
Insert into SUROVIAK3.PREDMET (CIS_PREDM,NAZOV) values ('BH21','Technicke prostriedky PC');
Insert into SUROVIAK3.PREDMET (CIS_PREDM,NAZOV) values ('BI29','Zaklady programovania vo Windows');
Insert into SUROVIAK3.PREDMET (CIS_PREDM,NAZOV) values ('IN03','Integracia sieti');
Insert into SUROVIAK3.PREDMET (CIS_PREDM,NAZOV) values ('IS03','Architektury informacnych systemov');
Insert into SUROVIAK3.PREDMET (CIS_PREDM,NAZOV) values ('IP02','Projekt 1');
Insert into SUROVIAK3.PREDMET (CIS_PREDM,NAZOV) values ('IA02','Teoria informacie');
Insert into SUROVIAK3.PREDMET (CIS_PREDM,NAZOV) values ('IS05','Aplikacie geografickych informacnych systemov v riadeni');
Insert into SUROVIAK3.PREDMET (CIS_PREDM,NAZOV) values ('IS06','Geograficke informacne systemy');
Insert into SUROVIAK3.PREDMET (CIS_PREDM,NAZOV) values ('IP09','Projektovanie manazerskych systemov');
Insert into SUROVIAK3.PREDMET (CIS_PREDM,NAZOV) values ('IP07','Projektovanie sieti');
Insert into SUROVIAK3.PREDMET (CIS_PREDM,NAZOV) values ('BI17','Databazove jazyky a aplikacie');
Insert into SUROVIAK3.PREDMET (CIS_PREDM,NAZOV) values ('BN05','Pocitacove siete 3');
Insert into SUROVIAK3.PREDMET (CIS_PREDM,NAZOV) values ('BN06','Pocitacove siete 4');
Insert into SUROVIAK3.PREDMET (CIS_PREDM,NAZOV) values ('BS11','Unix - vyvojove prostredie');
Insert into SUROVIAK3.PREDMET (CIS_PREDM,NAZOV) values ('IL01','Sudne inzinierstvo 1');
Insert into SUROVIAK3.PREDMET (CIS_PREDM,NAZOV) values ('IL02','Sudne inzinierstvo 2');
Insert into SUROVIAK3.PREDMET (CIS_PREDM,NAZOV) values ('BM11','Projektovy manazment');
Insert into SUROVIAK3.PREDMET (CIS_PREDM,NAZOV) values ('IM09','Strategicky manazment');
Insert into SUROVIAK3.PREDMET (CIS_PREDM,NAZOV) values ('BS15','Implementacie UNIXu-LINUX');
Insert into SUROVIAK3.PREDMET (CIS_PREDM,NAZOV) values ('BI07','Algoritmy a vypoctova zlozitost');
Insert into SUROVIAK3.PREDMET (CIS_PREDM,NAZOV) values ('IN10','Teoria informacnych sieti');
Insert into SUROVIAK3.PREDMET (CIS_PREDM,NAZOV) values ('BI27','Umela inteligencia');
Insert into SUROVIAK3.PREDMET (CIS_PREDM,NAZOV) values ('BI32','Kompilatory');
Insert into SUROVIAK3.PREDMET (CIS_PREDM,NAZOV) values ('BN03','Pocitacove siete 1');
Insert into SUROVIAK3.PREDMET (CIS_PREDM,NAZOV) values ('BN04','Pocitacove siete 2');
Insert into SUROVIAK3.PREDMET (CIS_PREDM,NAZOV) values ('BI31','Databazove systemy - Access');
Insert into SUROVIAK3.PREDMET (CIS_PREDM,NAZOV) values ('BS07','Multimedialne informacne systemy');
Insert into SUROVIAK3.PREDMET (CIS_PREDM,NAZOV) values ('BS10','Vyvoj aplikacii pre internet a intranet');
Insert into SUROVIAK3.PREDMET (CIS_PREDM,NAZOV) values ('BI33','Tabulkove procesory');
Insert into SUROVIAK3.PREDMET (CIS_PREDM,NAZOV) values ('IP05','Prax');
Insert into SUROVIAK3.PREDMET (CIS_PREDM,NAZOV) values ('IZ01','Diplomova praca');
Insert into SUROVIAK3.PREDMET (CIS_PREDM,NAZOV) values ('IP03','Projekt 2');
Insert into SUROVIAK3.PREDMET (CIS_PREDM,NAZOV) values ('A802','Komunikacne pocitace');
Insert into SUROVIAK3.PREDMET (CIS_PREDM,NAZOV) values ('BL24','Jazyk francuzsky 2.');
Insert into SUROVIAK3.PREDMET (CIS_PREDM,NAZOV) values ('BL29','Jazyk spanielsky 3.');
Insert into SUROVIAK3.PREDMET (CIS_PREDM,NAZOV) values ('BH19','Konstrukcia a technologia vyroby elektronickych zariadeni');
Insert into SUROVIAK3.PREDMET (CIS_PREDM,NAZOV) values ('BH02','Meranie');
Insert into SUROVIAK3.PREDMET (CIS_PREDM,NAZOV) values ('IM20','Techniky programovania 2');
Insert into SUROVIAK3.PREDMET (CIS_PREDM,NAZOV) values ('IE05','Manazerske uctovnictvo');
Insert into SUROVIAK3.PREDMET (CIS_PREDM,NAZOV) values ('IH02','Navrh zakaznickych integrovanych obvodov');
Insert into SUROVIAK3.PREDMET (CIS_PREDM,NAZOV) values ('IH08','Cislicove spracovanie signalov 2');
Insert into SUROVIAK3.PREDMET (CIS_PREDM,NAZOV) values ('BM09','Marketingove nastroje a aplikacie');
Insert into SUROVIAK3.PREDMET (CIS_PREDM,NAZOV) values ('IE06','Kapitalove a investicne teorie');
Insert into SUROVIAK3.PREDMET (CIS_PREDM,NAZOV) values ('IM18','Manazerstvo procesov');
Insert into SUROVIAK3.PREDMET (CIS_PREDM,NAZOV) values ('BL23','Jazyk francuzsky 1.');
Insert into SUROVIAK3.PREDMET (CIS_PREDM,NAZOV) values ('BL28','Jazyk spanielsky 2.');
Insert into SUROVIAK3.PREDMET (CIS_PREDM,NAZOV) values ('BL33','Uvod do studia');
Insert into SUROVIAK3.PREDMET (CIS_PREDM,NAZOV) values ('BE09','Ekonomia podniku');
Insert into SUROVIAK3.PREDMET (CIS_PREDM,NAZOV) values ('BS12','Implementacie UNIXu-LINUX');
Insert into SUROVIAK3.PREDMET (CIS_PREDM,NAZOV) values ('BZ01','Bakalarsky projekt');
Insert into SUROVIAK3.PREDMET (CIS_PREDM,NAZOV) values ('BL32','Pravne a eticke aspekty informacnych technologii');
Insert into SUROVIAK3.PREDMET (CIS_PREDM,NAZOV) values ('IA05','Petriho siete');
Insert into SUROVIAK3.PREDMET (CIS_PREDM,NAZOV) values ('IPP3','Projekt 3');
Insert into SUROVIAK3.PREDMET (CIS_PREDM,NAZOV) values ('BL27','Jazyk spanielsky 1.');
Insert into SUROVIAK3.PREDMET (CIS_PREDM,NAZOV) values ('BH20','Pocitacove inzinierstvo');
Insert into SUROVIAK3.PREDMET (CIS_PREDM,NAZOV) values ('BM14','Riadenie ludskych zdrojov');
Insert into SUROVIAK3.PREDMET (CIS_PREDM,NAZOV) values ('II19','Pocitacove rozpoznavanie reci');
Insert into SUROVIAK3.PREDMET (CIS_PREDM,NAZOV) values ('BL26','Jazyk francuzsky 4.');
Insert into SUROVIAK3.PREDMET (CIS_PREDM,NAZOV) values ('BS04','Informacne a riadiace systemy v doprave');
Insert into SUROVIAK3.PREDMET (CIS_PREDM,NAZOV) values ('BI25','Strojovo orientovane jazyky');
Insert into SUROVIAK3.PREDMET (CIS_PREDM,NAZOV) values ('BA20','Moderne priblizne metody');
Insert into SUROVIAK3.PREDMET (CIS_PREDM,NAZOV) values ('IH03','Optimalne systemy automatickeho riadenia');
Insert into SUROVIAK3.PREDMET (CIS_PREDM,NAZOV) values ('IPP1','Projekt 1');
Insert into SUROVIAK3.PREDMET (CIS_PREDM,NAZOV) values ('IPP2','Projekt 2');
Insert into SUROVIAK3.PREDMET (CIS_PREDM,NAZOV) values ('BL25','Jazyk francuzsky 3.');
Insert into SUROVIAK3.PREDMET (CIS_PREDM,NAZOV) values ('BP04','Manazment podniku - projekt');
Insert into SUROVIAK3.PREDMET (CIS_PREDM,NAZOV) values ('IA03','Teoria hier');
Insert into SUROVIAK3.PREDMET (CIS_PREDM,NAZOV) values ('BL05','Kvalita v sluzbach');
Insert into SUROVIAK3.PREDMET (CIS_PREDM,NAZOV) values ('IH13','Technicke prostriedky riadiacich a informacnych systemov');
Insert into SUROVIAK3.PREDMET (CIS_PREDM,NAZOV) values ('BL30','Jazyk spanielsky 4.');
Insert into SUROVIAK3.PREDMET (CIS_PREDM,NAZOV) values ('BI26','Objektove programovanie vo Windows');
Insert into SUROVIAK3.PREDMET (CIS_PREDM,NAZOV) values ('BE16','Podnikove hospodarstvo');
Insert into SUROVIAK3.PREDMET (CIS_PREDM,NAZOV) values ('BI22','Softverove nastroje pre inzinierov (Open Source)');
Insert into SUROVIAK3.PREDMET (CIS_PREDM,NAZOV) values ('IE04','Dane a rozpocet');
Insert into SUROVIAK3.PREDMET (CIS_PREDM,NAZOV) values ('BI35','Techniky programovania 1.');
Insert into SUROVIAK3.PREDMET (CIS_PREDM,NAZOV) values ('IH07','Adaptivne systemy riadenia');
REM INSERTING into SUROVIAK3.PREDMET_BOD
SET DEFINE OFF;
Insert into SUROVIAK3.PREDMET_BOD (CIS_PREDM,SKROK,GARANT,ECTS,SEMESTER,FORMA_KONT) values ('BF07','2006','KTK02','6','Z','s');
Insert into SUROVIAK3.PREDMET_BOD (CIS_PREDM,SKROK,GARANT,ECTS,SEMESTER,FORMA_KONT) values ('BL14','2005','EX001','1','L','z');
Insert into SUROVIAK3.PREDMET_BOD (CIS_PREDM,SKROK,GARANT,ECTS,SEMESTER,FORMA_KONT) values ('II17','2007','KI002','5','Z','s');
Insert into SUROVIAK3.PREDMET_BOD (CIS_PREDM,SKROK,GARANT,ECTS,SEMESTER,FORMA_KONT) values ('BE13','2005','KMT01','5','Z','s');
Insert into SUROVIAK3.PREDMET_BOD (CIS_PREDM,SKROK,GARANT,ECTS,SEMESTER,FORMA_KONT) values ('BI01','2008','KI001','6','Z','s');
Insert into SUROVIAK3.PREDMET_BOD (CIS_PREDM,SKROK,GARANT,ECTS,SEMESTER,FORMA_KONT) values ('II03','2006','KI003','5','Z','s');
Insert into SUROVIAK3.PREDMET_BOD (CIS_PREDM,SKROK,GARANT,ECTS,SEMESTER,FORMA_KONT) values ('BI06','2006','KI001','6','L','s');
Insert into SUROVIAK3.PREDMET_BOD (CIS_PREDM,SKROK,GARANT,ECTS,SEMESTER,FORMA_KONT) values ('BA10','2008','KMM01','6','L','s');
Insert into SUROVIAK3.PREDMET_BOD (CIS_PREDM,SKROK,GARANT,ECTS,SEMESTER,FORMA_KONT) values ('BI28','2006','KST01','4','L','s');
Insert into SUROVIAK3.PREDMET_BOD (CIS_PREDM,SKROK,GARANT,ECTS,SEMESTER,FORMA_KONT) values ('BI23','2008','EX001','5','Z','s');
Insert into SUROVIAK3.PREDMET_BOD (CIS_PREDM,SKROK,GARANT,ECTS,SEMESTER,FORMA_KONT) values ('BI01','2005','KI001','6','Z','s');
Insert into SUROVIAK3.PREDMET_BOD (CIS_PREDM,SKROK,GARANT,ECTS,SEMESTER,FORMA_KONT) values ('BI06','2007','KI001','6','L','s');
Insert into SUROVIAK3.PREDMET_BOD (CIS_PREDM,SKROK,GARANT,ECTS,SEMESTER,FORMA_KONT) values ('BI11','2006','EX002','1','Z','z');
Insert into SUROVIAK3.PREDMET_BOD (CIS_PREDM,SKROK,GARANT,ECTS,SEMESTER,FORMA_KONT) values ('BL11','2005','EX001','1','Z','z');
Insert into SUROVIAK3.PREDMET_BOD (CIS_PREDM,SKROK,GARANT,ECTS,SEMESTER,FORMA_KONT) values ('BI03','2008','KI001','6','Z','s');
Insert into SUROVIAK3.PREDMET_BOD (CIS_PREDM,SKROK,GARANT,ECTS,SEMESTER,FORMA_KONT) values ('BS03','2006','KST01','6','Z','s');
Insert into SUROVIAK3.PREDMET_BOD (CIS_PREDM,SKROK,GARANT,ECTS,SEMESTER,FORMA_KONT) values ('BI02','2008','KI001','6','L','s');
Insert into SUROVIAK3.PREDMET_BOD (CIS_PREDM,SKROK,GARANT,ECTS,SEMESTER,FORMA_KONT) values ('BI02','2005','KI001','6','L','s');
Insert into SUROVIAK3.PREDMET_BOD (CIS_PREDM,SKROK,GARANT,ECTS,SEMESTER,FORMA_KONT) values ('BI11','2002','EX002','1','Z','z');
Insert into SUROVIAK3.PREDMET_BOD (CIS_PREDM,SKROK,GARANT,ECTS,SEMESTER,FORMA_KONT) values ('II17','2002','KI002','5','Z','s');
Insert into SUROVIAK3.PREDMET_BOD (CIS_PREDM,SKROK,GARANT,ECTS,SEMESTER,FORMA_KONT) values ('BI06','2002','KI001','6','L','s');
Insert into SUROVIAK3.PREDMET_BOD (CIS_PREDM,SKROK,GARANT,ECTS,SEMESTER,FORMA_KONT) values ('BI01','2001','KI001','6','Z','s');
Insert into SUROVIAK3.PREDMET_BOD (CIS_PREDM,SKROK,GARANT,ECTS,SEMESTER,FORMA_KONT) values ('BI06','2001','KI001','6','L','s');
Insert into SUROVIAK3.PREDMET_BOD (CIS_PREDM,SKROK,GARANT,ECTS,SEMESTER,FORMA_KONT) values ('BI06','2003','KI001','6','L','s');
Insert into SUROVIAK3.PREDMET_BOD (CIS_PREDM,SKROK,GARANT,ECTS,SEMESTER,FORMA_KONT) values ('BF07','2004','KTK02','6','Z','s');
Insert into SUROVIAK3.PREDMET_BOD (CIS_PREDM,SKROK,GARANT,ECTS,SEMESTER,FORMA_KONT) values ('BF07','2003','KTK02','6','Z','s');
Insert into SUROVIAK3.PREDMET_BOD (CIS_PREDM,SKROK,GARANT,ECTS,SEMESTER,FORMA_KONT) values ('BI10','2002','KI003','6','L','s');
Insert into SUROVIAK3.PREDMET_BOD (CIS_PREDM,SKROK,GARANT,ECTS,SEMESTER,FORMA_KONT) values ('BL02','2003','EX002','3','L','e');
Insert into SUROVIAK3.PREDMET_BOD (CIS_PREDM,SKROK,GARANT,ECTS,SEMESTER,FORMA_KONT) values ('BE08','2002','KMT01','5','L','s');
Insert into SUROVIAK3.PREDMET_BOD (CIS_PREDM,SKROK,GARANT,ECTS,SEMESTER,FORMA_KONT) values ('IM16','2002','KMT02','3','L','s');
Insert into SUROVIAK3.PREDMET_BOD (CIS_PREDM,SKROK,GARANT,ECTS,SEMESTER,FORMA_KONT) values ('BA12','2002','KMM04','7','L','s');
Insert into SUROVIAK3.PREDMET_BOD (CIS_PREDM,SKROK,GARANT,ECTS,SEMESTER,FORMA_KONT) values ('BH22','2004','KTK01','6','Z','s');
Insert into SUROVIAK3.PREDMET_BOD (CIS_PREDM,SKROK,GARANT,ECTS,SEMESTER,FORMA_KONT) values ('BL13','2000','EX002','1','Z','z');
Insert into SUROVIAK3.PREDMET_BOD (CIS_PREDM,SKROK,GARANT,ECTS,SEMESTER,FORMA_KONT) values ('IN09','2003','KDS02','5','Z','s');
Insert into SUROVIAK3.PREDMET_BOD (CIS_PREDM,SKROK,GARANT,ECTS,SEMESTER,FORMA_KONT) values ('BF01','1999','KMM02','6','Z','s');
Insert into SUROVIAK3.PREDMET_BOD (CIS_PREDM,SKROK,GARANT,ECTS,SEMESTER,FORMA_KONT) values ('BF01','2000','KMM02','6','Z','s');
Insert into SUROVIAK3.PREDMET_BOD (CIS_PREDM,SKROK,GARANT,ECTS,SEMESTER,FORMA_KONT) values ('II07','2001','KI001','5','Z','s');
Insert into SUROVIAK3.PREDMET_BOD (CIS_PREDM,SKROK,GARANT,ECTS,SEMESTER,FORMA_KONT) values ('BE01','2002','KME01','6','Z','s');
Insert into SUROVIAK3.PREDMET_BOD (CIS_PREDM,SKROK,GARANT,ECTS,SEMESTER,FORMA_KONT) values ('BS01','2002','KI004','6','Z','s');
Insert into SUROVIAK3.PREDMET_BOD (CIS_PREDM,SKROK,GARANT,ECTS,SEMESTER,FORMA_KONT) values ('BL13','2003','EX002','1','Z','z');
Insert into SUROVIAK3.PREDMET_BOD (CIS_PREDM,SKROK,GARANT,ECTS,SEMESTER,FORMA_KONT) values ('IA07','2001','KMM02','6','Z','s');
Insert into SUROVIAK3.PREDMET_BOD (CIS_PREDM,SKROK,GARANT,ECTS,SEMESTER,FORMA_KONT) values ('IS07','2004','KIS02','5','Z','s');
Insert into SUROVIAK3.PREDMET_BOD (CIS_PREDM,SKROK,GARANT,ECTS,SEMESTER,FORMA_KONT) values ('IN07','2002','KTK01','5','Z','s');
Insert into SUROVIAK3.PREDMET_BOD (CIS_PREDM,SKROK,GARANT,ECTS,SEMESTER,FORMA_KONT) values ('BE08','2000','KMT01','5','L','s');
Insert into SUROVIAK3.PREDMET_BOD (CIS_PREDM,SKROK,GARANT,ECTS,SEMESTER,FORMA_KONT) values ('BL22','2002','EX002','1','L','z');
Insert into SUROVIAK3.PREDMET_BOD (CIS_PREDM,SKROK,GARANT,ECTS,SEMESTER,FORMA_KONT) values ('BI30','2001','KI003','5','L','s');
Insert into SUROVIAK3.PREDMET_BOD (CIS_PREDM,SKROK,GARANT,ECTS,SEMESTER,FORMA_KONT) values ('II08','2000','KDS01','5','L','s');
Insert into SUROVIAK3.PREDMET_BOD (CIS_PREDM,SKROK,GARANT,ECTS,SEMESTER,FORMA_KONT) values ('II08','2003','KDS01','5','L','s');
Insert into SUROVIAK3.PREDMET_BOD (CIS_PREDM,SKROK,GARANT,ECTS,SEMESTER,FORMA_KONT) values ('IS04','2003','KTK01','5','L','s');
Insert into SUROVIAK3.PREDMET_BOD (CIS_PREDM,SKROK,GARANT,ECTS,SEMESTER,FORMA_KONT) values ('BF09','1999','EX001','1','Z','z');
Insert into SUROVIAK3.PREDMET_BOD (CIS_PREDM,SKROK,GARANT,ECTS,SEMESTER,FORMA_KONT) values ('II14','2002','KDS02','6','L','s');
Insert into SUROVIAK3.PREDMET_BOD (CIS_PREDM,SKROK,GARANT,ECTS,SEMESTER,FORMA_KONT) values ('BN10','2004','KTK01','5','L','s');
Insert into SUROVIAK3.PREDMET_BOD (CIS_PREDM,SKROK,GARANT,ECTS,SEMESTER,FORMA_KONT) values ('BE14','2005','KI001','5','L','s');
Insert into SUROVIAK3.PREDMET_BOD (CIS_PREDM,SKROK,GARANT,ECTS,SEMESTER,FORMA_KONT) values ('BI07','2005','KI001','3','Z','e');
Insert into SUROVIAK3.PREDMET_BOD (CIS_PREDM,SKROK,GARANT,ECTS,SEMESTER,FORMA_KONT) values ('BI30','2005','KI003','5','L','s');
Insert into SUROVIAK3.PREDMET_BOD (CIS_PREDM,SKROK,GARANT,ECTS,SEMESTER,FORMA_KONT) values ('BI10','2005','KI003','6','L','s');
Insert into SUROVIAK3.PREDMET_BOD (CIS_PREDM,SKROK,GARANT,ECTS,SEMESTER,FORMA_KONT) values ('BI32','2005','KI005','6','L','s');
Insert into SUROVIAK3.PREDMET_BOD (CIS_PREDM,SKROK,GARANT,ECTS,SEMESTER,FORMA_KONT) values ('BI29','2005','KI001','4','Z','s');
Insert into SUROVIAK3.PREDMET_BOD (CIS_PREDM,SKROK,GARANT,ECTS,SEMESTER,FORMA_KONT) values ('BI17','2005','KI001','6','Z','s');
Insert into SUROVIAK3.PREDMET_BOD (CIS_PREDM,SKROK,GARANT,ECTS,SEMESTER,FORMA_KONT) values ('BI31','2005','KI001','4','Z','s');
Insert into SUROVIAK3.PREDMET_BOD (CIS_PREDM,SKROK,GARANT,ECTS,SEMESTER,FORMA_KONT) values ('BS15','2005','KI003','6','Z','s');
Insert into SUROVIAK3.PREDMET_BOD (CIS_PREDM,SKROK,GARANT,ECTS,SEMESTER,FORMA_KONT) values ('BS07','2005','KI002','6','Z','s');
Insert into SUROVIAK3.PREDMET_BOD (CIS_PREDM,SKROK,GARANT,ECTS,SEMESTER,FORMA_KONT) values ('BS10','2005','KI002','4','L','s');
Insert into SUROVIAK3.PREDMET_BOD (CIS_PREDM,SKROK,GARANT,ECTS,SEMESTER,FORMA_KONT) values ('BS11','2005','KI003','4','Z','s');
Insert into SUROVIAK3.PREDMET_BOD (CIS_PREDM,SKROK,GARANT,ECTS,SEMESTER,FORMA_KONT) values ('IA02','2005','KIS03','5','L','s');
Insert into SUROVIAK3.PREDMET_BOD (CIS_PREDM,SKROK,GARANT,ECTS,SEMESTER,FORMA_KONT) values ('BL04','2005','EX002','4','L','s');
Insert into SUROVIAK3.PREDMET_BOD (CIS_PREDM,SKROK,GARANT,ECTS,SEMESTER,FORMA_KONT) values ('BL13','2005','EX002','1','Z','z');
Insert into SUROVIAK3.PREDMET_BOD (CIS_PREDM,SKROK,GARANT,ECTS,SEMESTER,FORMA_KONT) values ('BM06','2005','KMM01','3','L','s');
Insert into SUROVIAK3.PREDMET_BOD (CIS_PREDM,SKROK,GARANT,ECTS,SEMESTER,FORMA_KONT) values ('BA14','2005','KI001','5','L','s');
Insert into SUROVIAK3.PREDMET_BOD (CIS_PREDM,SKROK,GARANT,ECTS,SEMESTER,FORMA_KONT) values ('IS04','2006','KTK01','5','L','s');
Insert into SUROVIAK3.PREDMET_BOD (CIS_PREDM,SKROK,GARANT,ECTS,SEMESTER,FORMA_KONT) values ('IS05','2006','KDS02','6','Z','s');
Insert into SUROVIAK3.PREDMET_BOD (CIS_PREDM,SKROK,GARANT,ECTS,SEMESTER,FORMA_KONT) values ('IZ01','2006','GAR01','30','L','e');
Insert into SUROVIAK3.PREDMET_BOD (CIS_PREDM,SKROK,GARANT,ECTS,SEMESTER,FORMA_KONT) values ('BI33','2005','KI005','3','Z','s');
Insert into SUROVIAK3.PREDMET_BOD (CIS_PREDM,SKROK,GARANT,ECTS,SEMESTER,FORMA_KONT) values ('BI28','2005','KST01','4','L','s');
Insert into SUROVIAK3.PREDMET_BOD (CIS_PREDM,SKROK,GARANT,ECTS,SEMESTER,FORMA_KONT) values ('BL03','2005','EX002','4','Z','s');
Insert into SUROVIAK3.PREDMET_BOD (CIS_PREDM,SKROK,GARANT,ECTS,SEMESTER,FORMA_KONT) values ('BN03','2005','KIS01','6','Z','s');
Insert into SUROVIAK3.PREDMET_BOD (CIS_PREDM,SKROK,GARANT,ECTS,SEMESTER,FORMA_KONT) values ('II13','2005','KI001','5','Z','s');
Insert into SUROVIAK3.PREDMET_BOD (CIS_PREDM,SKROK,GARANT,ECTS,SEMESTER,FORMA_KONT) values ('II03','2005','KI003','5','Z','s');
Insert into SUROVIAK3.PREDMET_BOD (CIS_PREDM,SKROK,GARANT,ECTS,SEMESTER,FORMA_KONT) values ('II12','2005','KI003','5','L','s');
Insert into SUROVIAK3.PREDMET_BOD (CIS_PREDM,SKROK,GARANT,ECTS,SEMESTER,FORMA_KONT) values ('II15','2005','KI002','5','Z','s');
Insert into SUROVIAK3.PREDMET_BOD (CIS_PREDM,SKROK,GARANT,ECTS,SEMESTER,FORMA_KONT) values ('II07','2005','KI001','5','L','s');
Insert into SUROVIAK3.PREDMET_BOD (CIS_PREDM,SKROK,GARANT,ECTS,SEMESTER,FORMA_KONT) values ('II08','2005','KDS01','5','L','s');
Insert into SUROVIAK3.PREDMET_BOD (CIS_PREDM,SKROK,GARANT,ECTS,SEMESTER,FORMA_KONT) values ('II21','2005','KI001','6','Z','s');
Insert into SUROVIAK3.PREDMET_BOD (CIS_PREDM,SKROK,GARANT,ECTS,SEMESTER,FORMA_KONT) values ('IN08','2005','KTK02','5','L','s');
Insert into SUROVIAK3.PREDMET_BOD (CIS_PREDM,SKROK,GARANT,ECTS,SEMESTER,FORMA_KONT) values ('IN07','2005','KTK01','5','Z','s');
Insert into SUROVIAK3.PREDMET_BOD (CIS_PREDM,SKROK,GARANT,ECTS,SEMESTER,FORMA_KONT) values ('IN09','2005','KDS02','5','Z','s');
Insert into SUROVIAK3.PREDMET_BOD (CIS_PREDM,SKROK,GARANT,ECTS,SEMESTER,FORMA_KONT) values ('IN10','2005','KI001','5','L','s');
Insert into SUROVIAK3.PREDMET_BOD (CIS_PREDM,SKROK,GARANT,ECTS,SEMESTER,FORMA_KONT) values ('IP07','2005','KI001','5','Z','s');
Insert into SUROVIAK3.PREDMET_BOD (CIS_PREDM,SKROK,GARANT,ECTS,SEMESTER,FORMA_KONT) values ('IP03','2005','GAR01','6','L','z');
Insert into SUROVIAK3.PREDMET_BOD (CIS_PREDM,SKROK,GARANT,ECTS,SEMESTER,FORMA_KONT) values ('IS06','2005','KDS02','5','L','s');
Insert into SUROVIAK3.PREDMET_BOD (CIS_PREDM,SKROK,GARANT,ECTS,SEMESTER,FORMA_KONT) values ('IS03','2005','KTK04','5','Z','s');
Insert into SUROVIAK3.PREDMET_BOD (CIS_PREDM,SKROK,GARANT,ECTS,SEMESTER,FORMA_KONT) values ('IS04','2005','KTK01','5','L','s');
Insert into SUROVIAK3.PREDMET_BOD (CIS_PREDM,SKROK,GARANT,ECTS,SEMESTER,FORMA_KONT) values ('BN04','2005','KIS01','6','L','s');
Insert into SUROVIAK3.PREDMET_BOD (CIS_PREDM,SKROK,GARANT,ECTS,SEMESTER,FORMA_KONT) values ('BN05','2005','KIS01','6','Z','s');
Insert into SUROVIAK3.PREDMET_BOD (CIS_PREDM,SKROK,GARANT,ECTS,SEMESTER,FORMA_KONT) values ('BN06','2005','KIS01','6','L','s');
Insert into SUROVIAK3.PREDMET_BOD (CIS_PREDM,SKROK,GARANT,ECTS,SEMESTER,FORMA_KONT) values ('IM15','2005','KMT02','4','L','s');
Insert into SUROVIAK3.PREDMET_BOD (CIS_PREDM,SKROK,GARANT,ECTS,SEMESTER,FORMA_KONT) values ('II12','2006','KI003','5','L','s');
Insert into SUROVIAK3.PREDMET_BOD (CIS_PREDM,SKROK,GARANT,ECTS,SEMESTER,FORMA_KONT) values ('BS10','2006','KI002','4','L','s');
Insert into SUROVIAK3.PREDMET_BOD (CIS_PREDM,SKROK,GARANT,ECTS,SEMESTER,FORMA_KONT) values ('IE01','2006','KMM02','5','Z','s');
Insert into SUROVIAK3.PREDMET_BOD (CIS_PREDM,SKROK,GARANT,ECTS,SEMESTER,FORMA_KONT) values ('IE07','2006','KMT01','4','Z','s');
Insert into SUROVIAK3.PREDMET_BOD (CIS_PREDM,SKROK,GARANT,ECTS,SEMESTER,FORMA_KONT) values ('II08','2006','KDS01','5','L','s');
Insert into SUROVIAK3.PREDMET_BOD (CIS_PREDM,SKROK,GARANT,ECTS,SEMESTER,FORMA_KONT) values ('II14','2006','KDS02','6','L','s');
Insert into SUROVIAK3.PREDMET_BOD (CIS_PREDM,SKROK,GARANT,ECTS,SEMESTER,FORMA_KONT) values ('A802','2006','KIS01','6','L','s');
Insert into SUROVIAK3.PREDMET_BOD (CIS_PREDM,SKROK,GARANT,ECTS,SEMESTER,FORMA_KONT) values ('IE08','2006','KMT01','6','L','s');
Insert into SUROVIAK3.PREDMET_BOD (CIS_PREDM,SKROK,GARANT,ECTS,SEMESTER,FORMA_KONT) values ('BF12','2006','KMM01','8','L','s');
Insert into SUROVIAK3.PREDMET_BOD (CIS_PREDM,SKROK,GARANT,ECTS,SEMESTER,FORMA_KONT) values ('BH21','2006','KTK02','3','Z','z');
Insert into SUROVIAK3.PREDMET_BOD (CIS_PREDM,SKROK,GARANT,ECTS,SEMESTER,FORMA_KONT) values ('IM15','2006','KMT02','4','Z','s');
Insert into SUROVIAK3.PREDMET_BOD (CIS_PREDM,SKROK,GARANT,ECTS,SEMESTER,FORMA_KONT) values ('IM14','2006','KMT02','4','L','s');
Insert into SUROVIAK3.PREDMET_BOD (CIS_PREDM,SKROK,GARANT,ECTS,SEMESTER,FORMA_KONT) values ('IM16','2006','KMT02','3','L','s');
Insert into SUROVIAK3.PREDMET_BOD (CIS_PREDM,SKROK,GARANT,ECTS,SEMESTER,FORMA_KONT) values ('IM19','2006','KMT02','4','Z','s');
Insert into SUROVIAK3.PREDMET_BOD (CIS_PREDM,SKROK,GARANT,ECTS,SEMESTER,FORMA_KONT) values ('IN07','2006','KTK01','5','Z','s');
Insert into SUROVIAK3.PREDMET_BOD (CIS_PREDM,SKROK,GARANT,ECTS,SEMESTER,FORMA_KONT) values ('IN03','2006','KI001','5','Z','s');
Insert into SUROVIAK3.PREDMET_BOD (CIS_PREDM,SKROK,GARANT,ECTS,SEMESTER,FORMA_KONT) values ('IN10','2006','KI001','5','L','s');
Insert into SUROVIAK3.PREDMET_BOD (CIS_PREDM,SKROK,GARANT,ECTS,SEMESTER,FORMA_KONT) values ('IP07','2006','KI001','5','Z','s');
Insert into SUROVIAK3.PREDMET_BOD (CIS_PREDM,SKROK,GARANT,ECTS,SEMESTER,FORMA_KONT) values ('IP05','2006','GAR01','0','Z','z');
Insert into SUROVIAK3.PREDMET_BOD (CIS_PREDM,SKROK,GARANT,ECTS,SEMESTER,FORMA_KONT) values ('BI27','2006','KI001','6','Z','s');
Insert into SUROVIAK3.PREDMET_BOD (CIS_PREDM,SKROK,GARANT,ECTS,SEMESTER,FORMA_KONT) values ('BN12','2006','KIS03','6','L','s');
Insert into SUROVIAK3.PREDMET_BOD (CIS_PREDM,SKROK,GARANT,ECTS,SEMESTER,FORMA_KONT) values ('BS02','2006','KMT01','6','L','s');
Insert into SUROVIAK3.PREDMET_BOD (CIS_PREDM,SKROK,GARANT,ECTS,SEMESTER,FORMA_KONT) values ('II08','2007','KDS01','5','L','s');
Insert into SUROVIAK3.PREDMET_BOD (CIS_PREDM,SKROK,GARANT,ECTS,SEMESTER,FORMA_KONT) values ('IPA1','2006','KI003','6','Z','z');
Insert into SUROVIAK3.PREDMET_BOD (CIS_PREDM,SKROK,GARANT,ECTS,SEMESTER,FORMA_KONT) values ('IPN1','2006','KIS01','6','Z','z');
Insert into SUROVIAK3.PREDMET_BOD (CIS_PREDM,SKROK,GARANT,ECTS,SEMESTER,FORMA_KONT) values ('IPA2','2006','KI003','6','L','z');
Insert into SUROVIAK3.PREDMET_BOD (CIS_PREDM,SKROK,GARANT,ECTS,SEMESTER,FORMA_KONT) values ('IPN2','2006','KIS01','6','L','z');
Insert into SUROVIAK3.PREDMET_BOD (CIS_PREDM,SKROK,GARANT,ECTS,SEMESTER,FORMA_KONT) values ('IPA3','2006','KI003','6','Z','z');
Insert into SUROVIAK3.PREDMET_BOD (CIS_PREDM,SKROK,GARANT,ECTS,SEMESTER,FORMA_KONT) values ('IPN3','2006','KIS01','6','Z','z');
Insert into SUROVIAK3.PREDMET_BOD (CIS_PREDM,SKROK,GARANT,ECTS,SEMESTER,FORMA_KONT) values ('IPM1','2006','GAR01','6','Z','z');
Insert into SUROVIAK3.PREDMET_BOD (CIS_PREDM,SKROK,GARANT,ECTS,SEMESTER,FORMA_KONT) values ('IPM2','2006','GAR01','6','L','z');
Insert into SUROVIAK3.PREDMET_BOD (CIS_PREDM,SKROK,GARANT,ECTS,SEMESTER,FORMA_KONT) values ('BA14','2006','KI001','5','L','s');
Insert into SUROVIAK3.PREDMET_BOD (CIS_PREDM,SKROK,GARANT,ECTS,SEMESTER,FORMA_KONT) values ('IA02','2006','KIS03','5','L','s');
Insert into SUROVIAK3.PREDMET_BOD (CIS_PREDM,SKROK,GARANT,ECTS,SEMESTER,FORMA_KONT) values ('II13','2006','KI001','5','Z','s');
Insert into SUROVIAK3.PREDMET_BOD (CIS_PREDM,SKROK,GARANT,ECTS,SEMESTER,FORMA_KONT) values ('II17','2006','KI002','5','Z','s');
Insert into SUROVIAK3.PREDMET_BOD (CIS_PREDM,SKROK,GARANT,ECTS,SEMESTER,FORMA_KONT) values ('II15','2006','KI002','5','Z','s');
Insert into SUROVIAK3.PREDMET_BOD (CIS_PREDM,SKROK,GARANT,ECTS,SEMESTER,FORMA_KONT) values ('II07','2006','KI001','5','Z','s');
Insert into SUROVIAK3.PREDMET_BOD (CIS_PREDM,SKROK,GARANT,ECTS,SEMESTER,FORMA_KONT) values ('IN08','2006','KTK02','5','L','s');
Insert into SUROVIAK3.PREDMET_BOD (CIS_PREDM,SKROK,GARANT,ECTS,SEMESTER,FORMA_KONT) values ('IN09','2006','KDS02','5','Z','s');
Insert into SUROVIAK3.PREDMET_BOD (CIS_PREDM,SKROK,GARANT,ECTS,SEMESTER,FORMA_KONT) values ('IN05','2006','KIS01','5','Z','s');
Insert into SUROVIAK3.PREDMET_BOD (CIS_PREDM,SKROK,GARANT,ECTS,SEMESTER,FORMA_KONT) values ('IS06','2006','KDS02','5','L','s');
Insert into SUROVIAK3.PREDMET_BOD (CIS_PREDM,SKROK,GARANT,ECTS,SEMESTER,FORMA_KONT) values ('IS07','2006','KIS02','5','Z','s');
Insert into SUROVIAK3.PREDMET_BOD (CIS_PREDM,SKROK,GARANT,ECTS,SEMESTER,FORMA_KONT) values ('BE04','2006','KIS03','6','L','s');
Insert into SUROVIAK3.PREDMET_BOD (CIS_PREDM,SKROK,GARANT,ECTS,SEMESTER,FORMA_KONT) values ('BE13','2006','KMT01','5','Z','s');
Insert into SUROVIAK3.PREDMET_BOD (CIS_PREDM,SKROK,GARANT,ECTS,SEMESTER,FORMA_KONT) values ('BI23','2006','EX001','5','Z','s');
Insert into SUROVIAK3.PREDMET_BOD (CIS_PREDM,SKROK,GARANT,ECTS,SEMESTER,FORMA_KONT) values ('IS03','2006','KTK04','5','Z','s');
Insert into SUROVIAK3.PREDMET_BOD (CIS_PREDM,SKROK,GARANT,ECTS,SEMESTER,FORMA_KONT) values ('IP02','2005','GAR01','6','Z','z');
Insert into SUROVIAK3.PREDMET_BOD (CIS_PREDM,SKROK,GARANT,ECTS,SEMESTER,FORMA_KONT) values ('C052','2005','KIS03','2','L','s');
Insert into SUROVIAK3.PREDMET_BOD (CIS_PREDM,SKROK,GARANT,ECTS,SEMESTER,FORMA_KONT) values ('C053','2005','KIS03','4','Z','s');
Insert into SUROVIAK3.PREDMET_BOD (CIS_PREDM,SKROK,GARANT,ECTS,SEMESTER,FORMA_KONT) values ('C054','2005','KIS03','4','L','s');
Insert into SUROVIAK3.PREDMET_BOD (CIS_PREDM,SKROK,GARANT,ECTS,SEMESTER,FORMA_KONT) values ('C055','2005','KMT05','1','Z','z');
Insert into SUROVIAK3.PREDMET_BOD (CIS_PREDM,SKROK,GARANT,ECTS,SEMESTER,FORMA_KONT) values ('BI31','2006','KI001','4','Z','s');
Insert into SUROVIAK3.PREDMET_BOD (CIS_PREDM,SKROK,GARANT,ECTS,SEMESTER,FORMA_KONT) values ('BM10','2006','KMME1','6','L','s');
Insert into SUROVIAK3.PREDMET_BOD (CIS_PREDM,SKROK,GARANT,ECTS,SEMESTER,FORMA_KONT) values ('BL18','2007','EX002','3','L','z');
Insert into SUROVIAK3.PREDMET_BOD (CIS_PREDM,SKROK,GARANT,ECTS,SEMESTER,FORMA_KONT) values ('BM11','2007','KI002','5','Z','s');
Insert into SUROVIAK3.PREDMET_BOD (CIS_PREDM,SKROK,GARANT,ECTS,SEMESTER,FORMA_KONT) values ('IL01','2007','KI001','4','Z','z');
Insert into SUROVIAK3.PREDMET_BOD (CIS_PREDM,SKROK,GARANT,ECTS,SEMESTER,FORMA_KONT) values ('IL02','2007','KI001','4','L','s');
Insert into SUROVIAK3.PREDMET_BOD (CIS_PREDM,SKROK,GARANT,ECTS,SEMESTER,FORMA_KONT) values ('IM17','2007','KDS02','4','Z','s');
Insert into SUROVIAK3.PREDMET_BOD (CIS_PREDM,SKROK,GARANT,ECTS,SEMESTER,FORMA_KONT) values ('IM09','2007','KMT01','6','Z','s');
Insert into SUROVIAK3.PREDMET_BOD (CIS_PREDM,SKROK,GARANT,ECTS,SEMESTER,FORMA_KONT) values ('IN03','2007','KI001','5','Z','s');
Insert into SUROVIAK3.PREDMET_BOD (CIS_PREDM,SKROK,GARANT,ECTS,SEMESTER,FORMA_KONT) values ('IN10','2007','KI001','5','L','s');
Insert into SUROVIAK3.PREDMET_BOD (CIS_PREDM,SKROK,GARANT,ECTS,SEMESTER,FORMA_KONT) values ('BL17','2007','EX001','3','Z','z');
Insert into SUROVIAK3.PREDMET_BOD (CIS_PREDM,SKROK,GARANT,ECTS,SEMESTER,FORMA_KONT) values ('IS04','2007','KTK01','5','L','s');
Insert into SUROVIAK3.PREDMET_BOD (CIS_PREDM,SKROK,GARANT,ECTS,SEMESTER,FORMA_KONT) values ('IZ01','2007','GAR01','30','L','e');
Insert into SUROVIAK3.PREDMET_BOD (CIS_PREDM,SKROK,GARANT,ECTS,SEMESTER,FORMA_KONT) values ('IP09','2007','KMT05','6','Z','s');
Insert into SUROVIAK3.PREDMET_BOD (CIS_PREDM,SKROK,GARANT,ECTS,SEMESTER,FORMA_KONT) values ('BS10','2007','KI002','4','L','s');
Insert into SUROVIAK3.PREDMET_BOD (CIS_PREDM,SKROK,GARANT,ECTS,SEMESTER,FORMA_KONT) values ('IE01','2007','KMM02','5','Z','s');
Insert into SUROVIAK3.PREDMET_BOD (CIS_PREDM,SKROK,GARANT,ECTS,SEMESTER,FORMA_KONT) values ('IE11','2007','KI001','6','Z','s');
Insert into SUROVIAK3.PREDMET_BOD (CIS_PREDM,SKROK,GARANT,ECTS,SEMESTER,FORMA_KONT) values ('BI29','2007','KI001','4','Z','s');
Insert into SUROVIAK3.PREDMET_BOD (CIS_PREDM,SKROK,GARANT,ECTS,SEMESTER,FORMA_KONT) values ('BS02','2007','KMT01','6','L','s');
Insert into SUROVIAK3.PREDMET_BOD (CIS_PREDM,SKROK,GARANT,ECTS,SEMESTER,FORMA_KONT) values ('BS07','2007','KI002','6','Z','s');
Insert into SUROVIAK3.PREDMET_BOD (CIS_PREDM,SKROK,GARANT,ECTS,SEMESTER,FORMA_KONT) values ('IA02','2007','KIS03','5','L','s');
Insert into SUROVIAK3.PREDMET_BOD (CIS_PREDM,SKROK,GARANT,ECTS,SEMESTER,FORMA_KONT) values ('IPN1','2007','KIS01','6','Z','z');
Insert into SUROVIAK3.PREDMET_BOD (CIS_PREDM,SKROK,GARANT,ECTS,SEMESTER,FORMA_KONT) values ('IPN2','2007','KIS01','6','L','z');
Insert into SUROVIAK3.PREDMET_BOD (CIS_PREDM,SKROK,GARANT,ECTS,SEMESTER,FORMA_KONT) values ('IPA3','2007','KI003','6','Z','z');
Insert into SUROVIAK3.PREDMET_BOD (CIS_PREDM,SKROK,GARANT,ECTS,SEMESTER,FORMA_KONT) values ('IPN3','2007','KIS01','6','Z','z');
Insert into SUROVIAK3.PREDMET_BOD (CIS_PREDM,SKROK,GARANT,ECTS,SEMESTER,FORMA_KONT) values ('IPM3','2007','GAR01','6','Z','z');
Insert into SUROVIAK3.PREDMET_BOD (CIS_PREDM,SKROK,GARANT,ECTS,SEMESTER,FORMA_KONT) values ('BA14','2007','KI001','5','L','s');
Insert into SUROVIAK3.PREDMET_BOD (CIS_PREDM,SKROK,GARANT,ECTS,SEMESTER,FORMA_KONT) values ('II15','2007','KI002','5','Z','s');
Insert into SUROVIAK3.PREDMET_BOD (CIS_PREDM,SKROK,GARANT,ECTS,SEMESTER,FORMA_KONT) values ('II07','2007','KI001','5','Z','s');
Insert into SUROVIAK3.PREDMET_BOD (CIS_PREDM,SKROK,GARANT,ECTS,SEMESTER,FORMA_KONT) values ('IN09','2007','KDS02','5','Z','s');
Insert into SUROVIAK3.PREDMET_BOD (CIS_PREDM,SKROK,GARANT,ECTS,SEMESTER,FORMA_KONT) values ('IN05','2007','KIS01','5','Z','s');
Insert into SUROVIAK3.PREDMET_BOD (CIS_PREDM,SKROK,GARANT,ECTS,SEMESTER,FORMA_KONT) values ('IP05','2007','GAR01','0','Z','z');
Insert into SUROVIAK3.PREDMET_BOD (CIS_PREDM,SKROK,GARANT,ECTS,SEMESTER,FORMA_KONT) values ('IS07','2007','KIS02','5','Z','s');
Insert into SUROVIAK3.PREDMET_BOD (CIS_PREDM,SKROK,GARANT,ECTS,SEMESTER,FORMA_KONT) values ('IZ99','2006','GAR01','0','Z','e');
Insert into SUROVIAK3.PREDMET_BOD (CIS_PREDM,SKROK,GARANT,ECTS,SEMESTER,FORMA_KONT) values ('SI28','2007','GAR01','0','L','e');
Insert into SUROVIAK3.PREDMET_BOD (CIS_PREDM,SKROK,GARANT,ECTS,SEMESTER,FORMA_KONT) values ('SI30','2007','GAR01','0','L','e');
Insert into SUROVIAK3.PREDMET_BOD (CIS_PREDM,SKROK,GARANT,ECTS,SEMESTER,FORMA_KONT) values ('SI31','2007','GAR01','0','Z','e');
Insert into SUROVIAK3.PREDMET_BOD (CIS_PREDM,SKROK,GARANT,ECTS,SEMESTER,FORMA_KONT) values ('SI28','2006','GAR01','0','L','e');
Insert into SUROVIAK3.PREDMET_BOD (CIS_PREDM,SKROK,GARANT,ECTS,SEMESTER,FORMA_KONT) values ('SI31','2006','GAR01','0','Z','e');
Insert into SUROVIAK3.PREDMET_BOD (CIS_PREDM,SKROK,GARANT,ECTS,SEMESTER,FORMA_KONT) values ('IZ99','2007','GAR01','0','L','e');
Insert into SUROVIAK3.PREDMET_BOD (CIS_PREDM,SKROK,GARANT,ECTS,SEMESTER,FORMA_KONT) values ('SI36','2007','GAR01','0','L','e');
Insert into SUROVIAK3.PREDMET_BOD (CIS_PREDM,SKROK,GARANT,ECTS,SEMESTER,FORMA_KONT) values ('SI37','2007','KMT02','0','Z','e');
Insert into SUROVIAK3.PREDMET_BOD (CIS_PREDM,SKROK,GARANT,ECTS,SEMESTER,FORMA_KONT) values ('BF09','2009','EX001','1','Z','z');
Insert into SUROVIAK3.PREDMET_BOD (CIS_PREDM,SKROK,GARANT,ECTS,SEMESTER,FORMA_KONT) values ('BI11','2009','EX002','1','Z','z');
Insert into SUROVIAK3.PREDMET_BOD (CIS_PREDM,SKROK,GARANT,ECTS,SEMESTER,FORMA_KONT) values ('BL09','2009','EX001','1','Z','z');
Insert into SUROVIAK3.PREDMET_BOD (CIS_PREDM,SKROK,GARANT,ECTS,SEMESTER,FORMA_KONT) values ('BL15','2009','EX002','3','Z','z');
Insert into SUROVIAK3.PREDMET_BOD (CIS_PREDM,SKROK,GARANT,ECTS,SEMESTER,FORMA_KONT) values ('BL19','2009','EX002','3','Z','z');
Insert into SUROVIAK3.PREDMET_BOD (CIS_PREDM,SKROK,GARANT,ECTS,SEMESTER,FORMA_KONT) values ('BL23','2009','EX001','3','Z','z');
Insert into SUROVIAK3.PREDMET_BOD (CIS_PREDM,SKROK,GARANT,ECTS,SEMESTER,FORMA_KONT) values ('BL27','2009','EX001','3','Z','z');
Insert into SUROVIAK3.PREDMET_BOD (CIS_PREDM,SKROK,GARANT,ECTS,SEMESTER,FORMA_KONT) values ('BI36','2009','EX001','1','L','z');
Insert into SUROVIAK3.PREDMET_BOD (CIS_PREDM,SKROK,GARANT,ECTS,SEMESTER,FORMA_KONT) values ('BL10','2009','EX001','1','L','z');
Insert into SUROVIAK3.PREDMET_BOD (CIS_PREDM,SKROK,GARANT,ECTS,SEMESTER,FORMA_KONT) values ('BL16','2009','EX001','3','L','z');
Insert into SUROVIAK3.PREDMET_BOD (CIS_PREDM,SKROK,GARANT,ECTS,SEMESTER,FORMA_KONT) values ('BL20','2009','EX002','3','L','z');
Insert into SUROVIAK3.PREDMET_BOD (CIS_PREDM,SKROK,GARANT,ECTS,SEMESTER,FORMA_KONT) values ('BL24','2009','EX001','3','L','z');
Insert into SUROVIAK3.PREDMET_BOD (CIS_PREDM,SKROK,GARANT,ECTS,SEMESTER,FORMA_KONT) values ('BL28','2009','EX001','3','L','z');
Insert into SUROVIAK3.PREDMET_BOD (CIS_PREDM,SKROK,GARANT,ECTS,SEMESTER,FORMA_KONT) values ('BL11','2009','EX001','1','Z','z');
Insert into SUROVIAK3.PREDMET_BOD (CIS_PREDM,SKROK,GARANT,ECTS,SEMESTER,FORMA_KONT) values ('BL17','2009','EX001','3','Z','z');
Insert into SUROVIAK3.PREDMET_BOD (CIS_PREDM,SKROK,GARANT,ECTS,SEMESTER,FORMA_KONT) values ('BL21','2009','EX002','3','Z','z');
Insert into SUROVIAK3.PREDMET_BOD (CIS_PREDM,SKROK,GARANT,ECTS,SEMESTER,FORMA_KONT) values ('BL25','2009','EX001','3','Z','z');
Insert into SUROVIAK3.PREDMET_BOD (CIS_PREDM,SKROK,GARANT,ECTS,SEMESTER,FORMA_KONT) values ('BL29','2009','EX001','3','Z','z');
Insert into SUROVIAK3.PREDMET_BOD (CIS_PREDM,SKROK,GARANT,ECTS,SEMESTER,FORMA_KONT) values ('BL12','2009','EX001','1','L','z');
Insert into SUROVIAK3.PREDMET_BOD (CIS_PREDM,SKROK,GARANT,ECTS,SEMESTER,FORMA_KONT) values ('BL18','2009','EX002','3','L','z');
Insert into SUROVIAK3.PREDMET_BOD (CIS_PREDM,SKROK,GARANT,ECTS,SEMESTER,FORMA_KONT) values ('BL22','2009','EX002','3','L','z');
Insert into SUROVIAK3.PREDMET_BOD (CIS_PREDM,SKROK,GARANT,ECTS,SEMESTER,FORMA_KONT) values ('BL26','2009','EX001','3','L','z');
Insert into SUROVIAK3.PREDMET_BOD (CIS_PREDM,SKROK,GARANT,ECTS,SEMESTER,FORMA_KONT) values ('BL30','2009','EX001','3','L','z');
Insert into SUROVIAK3.PREDMET_BOD (CIS_PREDM,SKROK,GARANT,ECTS,SEMESTER,FORMA_KONT) values ('BL13','2009','EX002','1','Z','z');
Insert into SUROVIAK3.PREDMET_BOD (CIS_PREDM,SKROK,GARANT,ECTS,SEMESTER,FORMA_KONT) values ('BL02','2009','EX002','3','L','e');
Insert into SUROVIAK3.PREDMET_BOD (CIS_PREDM,SKROK,GARANT,ECTS,SEMESTER,FORMA_KONT) values ('BL14','2009','EX001','1','L','z');
Insert into SUROVIAK3.PREDMET_BOD (CIS_PREDM,SKROK,GARANT,ECTS,SEMESTER,FORMA_KONT) values ('BI26','2009','KI001','2','L','s');
Insert into SUROVIAK3.PREDMET_BOD (CIS_PREDM,SKROK,GARANT,ECTS,SEMESTER,FORMA_KONT) values ('BN03','2009','KIS01','2','Z','z');
Insert into SUROVIAK3.PREDMET_BOD (CIS_PREDM,SKROK,GARANT,ECTS,SEMESTER,FORMA_KONT) values ('BL33','2009','KI001','3','Z','s');
Insert into SUROVIAK3.PREDMET_BOD (CIS_PREDM,SKROK,GARANT,ECTS,SEMESTER,FORMA_KONT) values ('BI33','2009','KI005','3','Z','s');
Insert into SUROVIAK3.PREDMET_BOD (CIS_PREDM,SKROK,GARANT,ECTS,SEMESTER,FORMA_KONT) values ('BA08','2009','KMM01','3','L','s');
Insert into SUROVIAK3.PREDMET_BOD (CIS_PREDM,SKROK,GARANT,ECTS,SEMESTER,FORMA_KONT) values ('BH21','2009','KTK02','3','Z','z');
Insert into SUROVIAK3.PREDMET_BOD (CIS_PREDM,SKROK,GARANT,ECTS,SEMESTER,FORMA_KONT) values ('BS04','2009','KI002','3','L','s');
Insert into SUROVIAK3.PREDMET_BOD (CIS_PREDM,SKROK,GARANT,ECTS,SEMESTER,FORMA_KONT) values ('BI07','2009','KI001','3','Z','e');
Insert into SUROVIAK3.PREDMET_BOD (CIS_PREDM,SKROK,GARANT,ECTS,SEMESTER,FORMA_KONT) values ('BN10','2009','KTK01','5','L','s');
Insert into SUROVIAK3.PREDMET_BOD (CIS_PREDM,SKROK,GARANT,ECTS,SEMESTER,FORMA_KONT) values ('BI28','2009','KST01','4','L','s');
Insert into SUROVIAK3.PREDMET_BOD (CIS_PREDM,SKROK,GARANT,ECTS,SEMESTER,FORMA_KONT) values ('BI29','2009','KI001','4','Z','s');
Insert into SUROVIAK3.PREDMET_BOD (CIS_PREDM,SKROK,GARANT,ECTS,SEMESTER,FORMA_KONT) values ('BI31','2009','KI001','4','Z','s');
Insert into SUROVIAK3.PREDMET_BOD (CIS_PREDM,SKROK,GARANT,ECTS,SEMESTER,FORMA_KONT) values ('BL03','2009','EX002','4','Z','s');
Insert into SUROVIAK3.PREDMET_BOD (CIS_PREDM,SKROK,GARANT,ECTS,SEMESTER,FORMA_KONT) values ('BL04','2009','EX002','4','L','s');
Insert into SUROVIAK3.PREDMET_BOD (CIS_PREDM,SKROK,GARANT,ECTS,SEMESTER,FORMA_KONT) values ('BF08','2009','KDS01','5','L','s');
Insert into SUROVIAK3.PREDMET_BOD (CIS_PREDM,SKROK,GARANT,ECTS,SEMESTER,FORMA_KONT) values ('BA14','2009','KI001','5','L','s');
Insert into SUROVIAK3.PREDMET_BOD (CIS_PREDM,SKROK,GARANT,ECTS,SEMESTER,FORMA_KONT) values ('BA06','2009','KDS02','5','L','s');
Insert into SUROVIAK3.PREDMET_BOD (CIS_PREDM,SKROK,GARANT,ECTS,SEMESTER,FORMA_KONT) values ('BE08','2009','KMT01','5','L','s');
Insert into SUROVIAK3.PREDMET_BOD (CIS_PREDM,SKROK,GARANT,ECTS,SEMESTER,FORMA_KONT) values ('BI30','2009','KI003','5','L','s');
Insert into SUROVIAK3.PREDMET_BOD (CIS_PREDM,SKROK,GARANT,ECTS,SEMESTER,FORMA_KONT) values ('IA02','2009','KIS03','5','L','s');
Insert into SUROVIAK3.PREDMET_BOD (CIS_PREDM,SKROK,GARANT,ECTS,SEMESTER,FORMA_KONT) values ('BA07','2009','KDS01','5','Z','s');
Insert into SUROVIAK3.PREDMET_BOD (CIS_PREDM,SKROK,GARANT,ECTS,SEMESTER,FORMA_KONT) values ('BE13','2009','KMT01','6','Z','s');
Insert into SUROVIAK3.PREDMET_BOD (CIS_PREDM,SKROK,GARANT,ECTS,SEMESTER,FORMA_KONT) values ('BE09','2009','KMT05','5','Z','s');
Insert into SUROVIAK3.PREDMET_BOD (CIS_PREDM,SKROK,GARANT,ECTS,SEMESTER,FORMA_KONT) values ('BI25','2009','KI002','5','Z','s');
Insert into SUROVIAK3.PREDMET_BOD (CIS_PREDM,SKROK,GARANT,ECTS,SEMESTER,FORMA_KONT) values ('BE01','2009','KME01','6','Z','s');
Insert into SUROVIAK3.PREDMET_BOD (CIS_PREDM,SKROK,GARANT,ECTS,SEMESTER,FORMA_KONT) values ('BF01','2009','KMM02','6','Z','s');
Insert into SUROVIAK3.PREDMET_BOD (CIS_PREDM,SKROK,GARANT,ECTS,SEMESTER,FORMA_KONT) values ('BE02','2009','KME02','6','L','s');
Insert into SUROVIAK3.PREDMET_BOD (CIS_PREDM,SKROK,GARANT,ECTS,SEMESTER,FORMA_KONT) values ('BA11','2009','KDS02','6','Z','s');
Insert into SUROVIAK3.PREDMET_BOD (CIS_PREDM,SKROK,GARANT,ECTS,SEMESTER,FORMA_KONT) values ('BH01','2009','KTK03','6','Z','s');
Insert into SUROVIAK3.PREDMET_BOD (CIS_PREDM,SKROK,GARANT,ECTS,SEMESTER,FORMA_KONT) values ('BE14','2009','KI001','6','L','s');
Insert into SUROVIAK3.PREDMET_BOD (CIS_PREDM,SKROK,GARANT,ECTS,SEMESTER,FORMA_KONT) values ('BH18','2009','KTK01','6','L','s');
Insert into SUROVIAK3.PREDMET_BOD (CIS_PREDM,SKROK,GARANT,ECTS,SEMESTER,FORMA_KONT) values ('BI24','2009','KI001','6','L','s');
Insert into SUROVIAK3.PREDMET_BOD (CIS_PREDM,SKROK,GARANT,ECTS,SEMESTER,FORMA_KONT) values ('BI06','2009','KI001','6','L','s');
Insert into SUROVIAK3.PREDMET_BOD (CIS_PREDM,SKROK,GARANT,ECTS,SEMESTER,FORMA_KONT) values ('BA13','2009','KDS01','6','Z','s');
Insert into SUROVIAK3.PREDMET_BOD (CIS_PREDM,SKROK,GARANT,ECTS,SEMESTER,FORMA_KONT) values ('BH23','2009','KTK01','6','Z','s');
Insert into SUROVIAK3.PREDMET_BOD (CIS_PREDM,SKROK,GARANT,ECTS,SEMESTER,FORMA_KONT) values ('BS01','2009','KI004','6','Z','s');
Insert into SUROVIAK3.PREDMET_BOD (CIS_PREDM,SKROK,GARANT,ECTS,SEMESTER,FORMA_KONT) values ('BS03','2009','KST01','6','Z','s');
Insert into SUROVIAK3.PREDMET_BOD (CIS_PREDM,SKROK,GARANT,ECTS,SEMESTER,FORMA_KONT) values ('BS05','2009','KTK01','6','Z','s');
Insert into SUROVIAK3.PREDMET_BOD (CIS_PREDM,SKROK,GARANT,ECTS,SEMESTER,FORMA_KONT) values ('BS12','2009','KI003','6','L','s');
Insert into SUROVIAK3.PREDMET_BOD (CIS_PREDM,SKROK,GARANT,ECTS,SEMESTER,FORMA_KONT) values ('BS07','2009','KI002','6','Z','s');
Insert into SUROVIAK3.PREDMET_BOD (CIS_PREDM,SKROK,GARANT,ECTS,SEMESTER,FORMA_KONT) values ('BI32','2009','KI005','6','L','s');
Insert into SUROVIAK3.PREDMET_BOD (CIS_PREDM,SKROK,GARANT,ECTS,SEMESTER,FORMA_KONT) values ('BS02','2009','KMT01','6','L','s');
Insert into SUROVIAK3.PREDMET_BOD (CIS_PREDM,SKROK,GARANT,ECTS,SEMESTER,FORMA_KONT) values ('BH04','2009','KTK02','6','L','s');
Insert into SUROVIAK3.PREDMET_BOD (CIS_PREDM,SKROK,GARANT,ECTS,SEMESTER,FORMA_KONT) values ('BI10','2009','KI003','6','L','s');
Insert into SUROVIAK3.PREDMET_BOD (CIS_PREDM,SKROK,GARANT,ECTS,SEMESTER,FORMA_KONT) values ('BM10','2009','KMME1','6','L','s');
Insert into SUROVIAK3.PREDMET_BOD (CIS_PREDM,SKROK,GARANT,ECTS,SEMESTER,FORMA_KONT) values ('BN12','2009','KIS03','6','L','s');
Insert into SUROVIAK3.PREDMET_BOD (CIS_PREDM,SKROK,GARANT,ECTS,SEMESTER,FORMA_KONT) values ('BA12','2009','KMM04','7','L','s');
Insert into SUROVIAK3.PREDMET_BOD (CIS_PREDM,SKROK,GARANT,ECTS,SEMESTER,FORMA_KONT) values ('BF13','2009','KMM01','7','Z','s');
Insert into SUROVIAK3.PREDMET_BOD (CIS_PREDM,SKROK,GARANT,ECTS,SEMESTER,FORMA_KONT) values ('BF11','2009','KMM03','8','Z','s');
Insert into SUROVIAK3.PREDMET_BOD (CIS_PREDM,SKROK,GARANT,ECTS,SEMESTER,FORMA_KONT) values ('BF12','2009','KMM01','8','L','s');
Insert into SUROVIAK3.PREDMET_BOD (CIS_PREDM,SKROK,GARANT,ECTS,SEMESTER,FORMA_KONT) values ('BN04','2009','KIS01','10','L','s');
Insert into SUROVIAK3.PREDMET_BOD (CIS_PREDM,SKROK,GARANT,ECTS,SEMESTER,FORMA_KONT) values ('BZ01','2009','KI001','12','L','e');
Insert into SUROVIAK3.PREDMET_BOD (CIS_PREDM,SKROK,GARANT,ECTS,SEMESTER,FORMA_KONT) values ('BL32','2009','EX001','3','L','e');
Insert into SUROVIAK3.PREDMET_BOD (CIS_PREDM,SKROK,GARANT,ECTS,SEMESTER,FORMA_KONT) values ('BL06','2009','EX002','4','L','s');
Insert into SUROVIAK3.PREDMET_BOD (CIS_PREDM,SKROK,GARANT,ECTS,SEMESTER,FORMA_KONT) values ('BH19','2009','KTK02','4','Z','s');
Insert into SUROVIAK3.PREDMET_BOD (CIS_PREDM,SKROK,GARANT,ECTS,SEMESTER,FORMA_KONT) values ('BS10','2009','KI002','4','L','s');
Insert into SUROVIAK3.PREDMET_BOD (CIS_PREDM,SKROK,GARANT,ECTS,SEMESTER,FORMA_KONT) values ('BF04','2009','KTK02','5','L','s');
Insert into SUROVIAK3.PREDMET_BOD (CIS_PREDM,SKROK,GARANT,ECTS,SEMESTER,FORMA_KONT) values ('BF05','2009','EX001','6','Z','s');
Insert into SUROVIAK3.PREDMET_BOD (CIS_PREDM,SKROK,GARANT,ECTS,SEMESTER,FORMA_KONT) values ('BH08','2009','KTK02','6','L','s');
Insert into SUROVIAK3.PREDMET_BOD (CIS_PREDM,SKROK,GARANT,ECTS,SEMESTER,FORMA_KONT) values ('BF07','2009','KTK02','6','Z','s');
Insert into SUROVIAK3.PREDMET_BOD (CIS_PREDM,SKROK,GARANT,ECTS,SEMESTER,FORMA_KONT) values ('BH02','2009','KI001','6','L','s');
Insert into SUROVIAK3.PREDMET_BOD (CIS_PREDM,SKROK,GARANT,ECTS,SEMESTER,FORMA_KONT) values ('BH05','2009','KTK02','6','Z','s');
Insert into SUROVIAK3.PREDMET_BOD (CIS_PREDM,SKROK,GARANT,ECTS,SEMESTER,FORMA_KONT) values ('BH13','2009','KTK01','6','Z','s');
Insert into SUROVIAK3.PREDMET_BOD (CIS_PREDM,SKROK,GARANT,ECTS,SEMESTER,FORMA_KONT) values ('BH20','2009','KI001','6','L','s');
Insert into SUROVIAK3.PREDMET_BOD (CIS_PREDM,SKROK,GARANT,ECTS,SEMESTER,FORMA_KONT) values ('BH14','2009','KTK01','7','L','s');
Insert into SUROVIAK3.PREDMET_BOD (CIS_PREDM,SKROK,GARANT,ECTS,SEMESTER,FORMA_KONT) values ('BM06','2009','KMM01','5','L','s');
Insert into SUROVIAK3.PREDMET_BOD (CIS_PREDM,SKROK,GARANT,ECTS,SEMESTER,FORMA_KONT) values ('BL05','2009','KMT05','4','Z','s');
Insert into SUROVIAK3.PREDMET_BOD (CIS_PREDM,SKROK,GARANT,ECTS,SEMESTER,FORMA_KONT) values ('BM02','2009','KMM04','4','L','s');
Insert into SUROVIAK3.PREDMET_BOD (CIS_PREDM,SKROK,GARANT,ECTS,SEMESTER,FORMA_KONT) values ('BE05','2009','KMT01','6','Z','s');
Insert into SUROVIAK3.PREDMET_BOD (CIS_PREDM,SKROK,GARANT,ECTS,SEMESTER,FORMA_KONT) values ('BM11','2009','KI002','5','Z','s');
Insert into SUROVIAK3.PREDMET_BOD (CIS_PREDM,SKROK,GARANT,ECTS,SEMESTER,FORMA_KONT) values ('BE10','2009','KMT01','5','L','s');
Insert into SUROVIAK3.PREDMET_BOD (CIS_PREDM,SKROK,GARANT,ECTS,SEMESTER,FORMA_KONT) values ('BE07','2009','KMT01','5','Z','s');
Insert into SUROVIAK3.PREDMET_BOD (CIS_PREDM,SKROK,GARANT,ECTS,SEMESTER,FORMA_KONT) values ('BM14','2009','KI001','6','L','s');
Insert into SUROVIAK3.PREDMET_BOD (CIS_PREDM,SKROK,GARANT,ECTS,SEMESTER,FORMA_KONT) values ('BM07','2009','KMM04','6','Z','s');
Insert into SUROVIAK3.PREDMET_BOD (CIS_PREDM,SKROK,GARANT,ECTS,SEMESTER,FORMA_KONT) values ('IN08','2009','KTK02','5','L','s');
Insert into SUROVIAK3.PREDMET_BOD (CIS_PREDM,SKROK,GARANT,ECTS,SEMESTER,FORMA_KONT) values ('BE04','2009','KIS03','6','L','s');
Insert into SUROVIAK3.PREDMET_BOD (CIS_PREDM,SKROK,GARANT,ECTS,SEMESTER,FORMA_KONT) values ('BP04','2009','KMT01','6','L','z');
Insert into SUROVIAK3.PREDMET_BOD (CIS_PREDM,SKROK,GARANT,ECTS,SEMESTER,FORMA_KONT) values ('BE16','2009','KI001','8','L','s');
Insert into SUROVIAK3.PREDMET_BOD (CIS_PREDM,SKROK,GARANT,ECTS,SEMESTER,FORMA_KONT) values ('BM09','2009','KI001','4','Z','s');
Insert into SUROVIAK3.PREDMET_BOD (CIS_PREDM,SKROK,GARANT,ECTS,SEMESTER,FORMA_KONT) values ('IE01','2009','KMM02','5','Z','s');
Insert into SUROVIAK3.PREDMET_BOD (CIS_PREDM,SKROK,GARANT,ECTS,SEMESTER,FORMA_KONT) values ('IN09','2009','KDS02','5','Z','s');
Insert into SUROVIAK3.PREDMET_BOD (CIS_PREDM,SKROK,GARANT,ECTS,SEMESTER,FORMA_KONT) values ('IE08','2009','KMT01','6','L','s');
Insert into SUROVIAK3.PREDMET_BOD (CIS_PREDM,SKROK,GARANT,ECTS,SEMESTER,FORMA_KONT) values ('BI22','2009','KI002','4','L','s');
Insert into SUROVIAK3.PREDMET_BOD (CIS_PREDM,SKROK,GARANT,ECTS,SEMESTER,FORMA_KONT) values ('BA20','2009','KI001','4','L','s');
Insert into SUROVIAK3.PREDMET_BOD (CIS_PREDM,SKROK,GARANT,ECTS,SEMESTER,FORMA_KONT) values ('IP05','2009','GAR01','0','Z','z');
Insert into SUROVIAK3.PREDMET_BOD (CIS_PREDM,SKROK,GARANT,ECTS,SEMESTER,FORMA_KONT) values ('IM17','2009','KDS02','4','Z','s');
Insert into SUROVIAK3.PREDMET_BOD (CIS_PREDM,SKROK,GARANT,ECTS,SEMESTER,FORMA_KONT) values ('IM16','2009','KMT02','3','L','s');
Insert into SUROVIAK3.PREDMET_BOD (CIS_PREDM,SKROK,GARANT,ECTS,SEMESTER,FORMA_KONT) values ('IM19','2009','KMT02','5','Z','s');
Insert into SUROVIAK3.PREDMET_BOD (CIS_PREDM,SKROK,GARANT,ECTS,SEMESTER,FORMA_KONT) values ('IM14','2009','KMT02','5','L','s');
Insert into SUROVIAK3.PREDMET_BOD (CIS_PREDM,SKROK,GARANT,ECTS,SEMESTER,FORMA_KONT) values ('IE07','2009','KMT01','4','Z','s');
Insert into SUROVIAK3.PREDMET_BOD (CIS_PREDM,SKROK,GARANT,ECTS,SEMESTER,FORMA_KONT) values ('IA06','2009','KDS01','5','L','s');
Insert into SUROVIAK3.PREDMET_BOD (CIS_PREDM,SKROK,GARANT,ECTS,SEMESTER,FORMA_KONT) values ('IM09','2009','KMT01','6','Z','s');
Insert into SUROVIAK3.PREDMET_BOD (CIS_PREDM,SKROK,GARANT,ECTS,SEMESTER,FORMA_KONT) values ('IP09','2009','KMT05','6','Z','s');
Insert into SUROVIAK3.PREDMET_BOD (CIS_PREDM,SKROK,GARANT,ECTS,SEMESTER,FORMA_KONT) values ('IE11','2009','KI001','6','Z','s');
Insert into SUROVIAK3.PREDMET_BOD (CIS_PREDM,SKROK,GARANT,ECTS,SEMESTER,FORMA_KONT) values ('IZ01','2009','GAR01','30','L','e');
Insert into SUROVIAK3.PREDMET_BOD (CIS_PREDM,SKROK,GARANT,ECTS,SEMESTER,FORMA_KONT) values ('IM15','2009','KMT02','4','Z','s');
Insert into SUROVIAK3.PREDMET_BOD (CIS_PREDM,SKROK,GARANT,ECTS,SEMESTER,FORMA_KONT) values ('IPD1','2009','KDS03','6','Z','z');
Insert into SUROVIAK3.PREDMET_BOD (CIS_PREDM,SKROK,GARANT,ECTS,SEMESTER,FORMA_KONT) values ('IPA1','2009','KI003','6','Z','z');
Insert into SUROVIAK3.PREDMET_BOD (CIS_PREDM,SKROK,GARANT,ECTS,SEMESTER,FORMA_KONT) values ('IPN1','2009','KIS01','6','Z','z');
Insert into SUROVIAK3.PREDMET_BOD (CIS_PREDM,SKROK,GARANT,ECTS,SEMESTER,FORMA_KONT) values ('IPM1','2009','GAR01','6','Z','z');
Insert into SUROVIAK3.PREDMET_BOD (CIS_PREDM,SKROK,GARANT,ECTS,SEMESTER,FORMA_KONT) values ('IPD2','2009','KDS03','6','L','z');
Insert into SUROVIAK3.PREDMET_BOD (CIS_PREDM,SKROK,GARANT,ECTS,SEMESTER,FORMA_KONT) values ('IPA2','2009','KI003','6','L','z');
Insert into SUROVIAK3.PREDMET_BOD (CIS_PREDM,SKROK,GARANT,ECTS,SEMESTER,FORMA_KONT) values ('IPN2','2009','KIS01','6','L','z');
Insert into SUROVIAK3.PREDMET_BOD (CIS_PREDM,SKROK,GARANT,ECTS,SEMESTER,FORMA_KONT) values ('IPM2','2009','GAR01','6','L','z');
Insert into SUROVIAK3.PREDMET_BOD (CIS_PREDM,SKROK,GARANT,ECTS,SEMESTER,FORMA_KONT) values ('IPD3','2009','KDS03','6','Z','z');
Insert into SUROVIAK3.PREDMET_BOD (CIS_PREDM,SKROK,GARANT,ECTS,SEMESTER,FORMA_KONT) values ('IPA3','2009','KI003','6','Z','z');
Insert into SUROVIAK3.PREDMET_BOD (CIS_PREDM,SKROK,GARANT,ECTS,SEMESTER,FORMA_KONT) values ('IPN3','2009','KIS01','6','Z','z');
Insert into SUROVIAK3.PREDMET_BOD (CIS_PREDM,SKROK,GARANT,ECTS,SEMESTER,FORMA_KONT) values ('IPM3','2009','GAR01','6','Z','z');
Insert into SUROVIAK3.PREDMET_BOD (CIS_PREDM,SKROK,GARANT,ECTS,SEMESTER,FORMA_KONT) values ('BS11','2009','KI003','4','Z','s');
Insert into SUROVIAK3.PREDMET_BOD (CIS_PREDM,SKROK,GARANT,ECTS,SEMESTER,FORMA_KONT) values ('BF10','2009','KMM01','4','L','s');
Insert into SUROVIAK3.PREDMET_BOD (CIS_PREDM,SKROK,GARANT,ECTS,SEMESTER,FORMA_KONT) values ('BH17','2009','KTK02','6','Z','s');
Insert into SUROVIAK3.PREDMET_BOD (CIS_PREDM,SKROK,GARANT,ECTS,SEMESTER,FORMA_KONT) values ('II14','2009','KDS02','6','L','s');
Insert into SUROVIAK3.PREDMET_BOD (CIS_PREDM,SKROK,GARANT,ECTS,SEMESTER,FORMA_KONT) values ('IS05','2009','KDS02','6','Z','s');
Insert into SUROVIAK3.PREDMET_BOD (CIS_PREDM,SKROK,GARANT,ECTS,SEMESTER,FORMA_KONT) values ('IM20','2009','KI001','4','L','s');
Insert into SUROVIAK3.PREDMET_BOD (CIS_PREDM,SKROK,GARANT,ECTS,SEMESTER,FORMA_KONT) values ('IM12','2009','KMT01','6','L','s');
Insert into SUROVIAK3.PREDMET_BOD (CIS_PREDM,SKROK,GARANT,ECTS,SEMESTER,FORMA_KONT) values ('BH09','2009','KTK03','6','Z','s');
Insert into SUROVIAK3.PREDMET_BOD (CIS_PREDM,SKROK,GARANT,ECTS,SEMESTER,FORMA_KONT) values ('BL35','2009','EX002','4','Z','s');
Insert into SUROVIAK3.PREDMET_BOD (CIS_PREDM,SKROK,GARANT,ECTS,SEMESTER,FORMA_KONT) values ('IA05','2009','KIS03','6','Z','s');
Insert into SUROVIAK3.PREDMET_BOD (CIS_PREDM,SKROK,GARANT,ECTS,SEMESTER,FORMA_KONT) values ('IE06','2009','KI001','4','L','s');
Insert into SUROVIAK3.PREDMET_BOD (CIS_PREDM,SKROK,GARANT,ECTS,SEMESTER,FORMA_KONT) values ('IM18','2009','KMT01','4','L','s');
Insert into SUROVIAK3.PREDMET_BOD (CIS_PREDM,SKROK,GARANT,ECTS,SEMESTER,FORMA_KONT) values ('IH03','2009','KTK02','8','Z','s');
Insert into SUROVIAK3.PREDMET_BOD (CIS_PREDM,SKROK,GARANT,ECTS,SEMESTER,FORMA_KONT) values ('II19','2009','KTK04','6','Z','s');
Insert into SUROVIAK3.PREDMET_BOD (CIS_PREDM,SKROK,GARANT,ECTS,SEMESTER,FORMA_KONT) values ('IE13','2009','KMM03','4','Z','s');
Insert into SUROVIAK3.PREDMET_BOD (CIS_PREDM,SKROK,GARANT,ECTS,SEMESTER,FORMA_KONT) values ('IA03','2009','KIS03','6','Z','s');
Insert into SUROVIAK3.PREDMET_BOD (CIS_PREDM,SKROK,GARANT,ECTS,SEMESTER,FORMA_KONT) values ('IE04','2009','KMT05','4','L','s');
Insert into SUROVIAK3.PREDMET_BOD (CIS_PREDM,SKROK,GARANT,ECTS,SEMESTER,FORMA_KONT) values ('II15','2009','KI002','5','Z','s');
Insert into SUROVIAK3.PREDMET_BOD (CIS_PREDM,SKROK,GARANT,ECTS,SEMESTER,FORMA_KONT) values ('IS03','2009','KTK04','5','Z','s');
Insert into SUROVIAK3.PREDMET_BOD (CIS_PREDM,SKROK,GARANT,ECTS,SEMESTER,FORMA_KONT) values ('II07','2009','KI001','5','Z','s');
Insert into SUROVIAK3.PREDMET_BOD (CIS_PREDM,SKROK,GARANT,ECTS,SEMESTER,FORMA_KONT) values ('II08','2009','KDS01','5','L','s');
Insert into SUROVIAK3.PREDMET_BOD (CIS_PREDM,SKROK,GARANT,ECTS,SEMESTER,FORMA_KONT) values ('II17','2009','KI002','5','Z','s');
Insert into SUROVIAK3.PREDMET_BOD (CIS_PREDM,SKROK,GARANT,ECTS,SEMESTER,FORMA_KONT) values ('IN05','2009','KIS01','5','Z','s');
Insert into SUROVIAK3.PREDMET_BOD (CIS_PREDM,SKROK,GARANT,ECTS,SEMESTER,FORMA_KONT) values ('BI35','2009','KI001','4','Z','z');
Insert into SUROVIAK3.PREDMET_BOD (CIS_PREDM,SKROK,GARANT,ECTS,SEMESTER,FORMA_KONT) values ('IE05','2009','KMT05','6','Z','s');
Insert into SUROVIAK3.PREDMET_BOD (CIS_PREDM,SKROK,GARANT,ECTS,SEMESTER,FORMA_KONT) values ('IPP1','2009','GAR01','6','Z','z');
Insert into SUROVIAK3.PREDMET_BOD (CIS_PREDM,SKROK,GARANT,ECTS,SEMESTER,FORMA_KONT) values ('IPP2','2009','GAR01','6','L','z');
Insert into SUROVIAK3.PREDMET_BOD (CIS_PREDM,SKROK,GARANT,ECTS,SEMESTER,FORMA_KONT) values ('IPP3','2009','GAR01','6','Z','z');
Insert into SUROVIAK3.PREDMET_BOD (CIS_PREDM,SKROK,GARANT,ECTS,SEMESTER,FORMA_KONT) values ('IH11','2009','KTK03','5','Z','s');
Insert into SUROVIAK3.PREDMET_BOD (CIS_PREDM,SKROK,GARANT,ECTS,SEMESTER,FORMA_KONT) values ('IH09','2009','KTK03','5','Z','s');
Insert into SUROVIAK3.PREDMET_BOD (CIS_PREDM,SKROK,GARANT,ECTS,SEMESTER,FORMA_KONT) values ('IH13','2009','KTK02','5','Z','s');
Insert into SUROVIAK3.PREDMET_BOD (CIS_PREDM,SKROK,GARANT,ECTS,SEMESTER,FORMA_KONT) values ('IH02','2009','KTK04','5','L','s');
Insert into SUROVIAK3.PREDMET_BOD (CIS_PREDM,SKROK,GARANT,ECTS,SEMESTER,FORMA_KONT) values ('IH06','2009','KTK01','5','L','s');
Insert into SUROVIAK3.PREDMET_BOD (CIS_PREDM,SKROK,GARANT,ECTS,SEMESTER,FORMA_KONT) values ('II13','2009','KI001','5','Z','s');
Insert into SUROVIAK3.PREDMET_BOD (CIS_PREDM,SKROK,GARANT,ECTS,SEMESTER,FORMA_KONT) values ('II21','2009','KI001','5','Z','s');
Insert into SUROVIAK3.PREDMET_BOD (CIS_PREDM,SKROK,GARANT,ECTS,SEMESTER,FORMA_KONT) values ('IH07','2009','KTK02','5','Z','s');
Insert into SUROVIAK3.PREDMET_BOD (CIS_PREDM,SKROK,GARANT,ECTS,SEMESTER,FORMA_KONT) values ('IS07','2009','KIS02','5','Z','s');
Insert into SUROVIAK3.PREDMET_BOD (CIS_PREDM,SKROK,GARANT,ECTS,SEMESTER,FORMA_KONT) values ('IH08','2009','KTK02','5','L','s');
Insert into SUROVIAK3.PREDMET_BOD (CIS_PREDM,SKROK,GARANT,ECTS,SEMESTER,FORMA_KONT) values ('II01','2009','KMM02','5','Z','s');
Insert into SUROVIAK3.PREDMET_BOD (CIS_PREDM,SKROK,GARANT,ECTS,SEMESTER,FORMA_KONT) values ('IS06','2009','KDS02','5','L','s');
Insert into SUROVIAK3.PREDMET_BOD (CIS_PREDM,SKROK,GARANT,ECTS,SEMESTER,FORMA_KONT) values ('II03','2009','KI003','5','Z','s');
Insert into SUROVIAK3.PREDMET_BOD (CIS_PREDM,SKROK,GARANT,ECTS,SEMESTER,FORMA_KONT) values ('II12','2009','KI003','5','L','s');
Insert into SUROVIAK3.PREDMET_BOD (CIS_PREDM,SKROK,GARANT,ECTS,SEMESTER,FORMA_KONT) values ('IP07','2009','KI001','5','Z','s');
Insert into SUROVIAK3.PREDMET_BOD (CIS_PREDM,SKROK,GARANT,ECTS,SEMESTER,FORMA_KONT) values ('IN07','2009','KTK01','5','Z','s');
Insert into SUROVIAK3.PREDMET_BOD (CIS_PREDM,SKROK,GARANT,ECTS,SEMESTER,FORMA_KONT) values ('IN03','2009','KI001','5','Z','s');
Insert into SUROVIAK3.PREDMET_BOD (CIS_PREDM,SKROK,GARANT,ECTS,SEMESTER,FORMA_KONT) values ('IN10','2009','KI001','5','L','s');
Insert into SUROVIAK3.PREDMET_BOD (CIS_PREDM,SKROK,GARANT,ECTS,SEMESTER,FORMA_KONT) values ('IS04','2009','KTK01','5','L','s');
Insert into SUROVIAK3.PREDMET_BOD (CIS_PREDM,SKROK,GARANT,ECTS,SEMESTER,FORMA_KONT) values ('BI11','2008','EX002','1','Z','z');
Insert into SUROVIAK3.PREDMET_BOD (CIS_PREDM,SKROK,GARANT,ECTS,SEMESTER,FORMA_KONT) values ('BE01','2003','KME01','6','Z','s');
REM INSERTING into SUROVIAK3.TYP_AKTIVITY
SET DEFINE OFF;
Insert into SUROVIAK3.TYP_AKTIVITY (ID_TYPU_AKTIVITY,POPIS) values ('1','doplnanie papiera');
Insert into SUROVIAK3.TYP_AKTIVITY (ID_TYPU_AKTIVITY,POPIS) values ('3','doplnanie tonera');
Insert into SUROVIAK3.TYP_AKTIVITY (ID_TYPU_AKTIVITY,POPIS) values ('2','oprava');
Insert into SUROVIAK3.TYP_AKTIVITY (ID_TYPU_AKTIVITY,POPIS) values ('5','rozsirenie');
Insert into SUROVIAK3.TYP_AKTIVITY (ID_TYPU_AKTIVITY,POPIS) values ('4','servis');
Insert into SUROVIAK3.TYP_AKTIVITY (ID_TYPU_AKTIVITY,POPIS) values ('6','tlac');
REM INSERTING into SUROVIAK3.TYP_MAJETKU
SET DEFINE OFF;
Insert into SUROVIAK3.TYP_MAJETKU (ID_TYPU_MAJETKU,POPIS) values ('21','davkovac tekuteho mydla');
Insert into SUROVIAK3.TYP_MAJETKU (ID_TYPU_MAJETKU,POPIS) values ('15','dvere');
Insert into SUROVIAK3.TYP_MAJETKU (ID_TYPU_MAJETKU,POPIS) values ('3','fixka');
Insert into SUROVIAK3.TYP_MAJETKU (ID_TYPU_MAJETKU,POPIS) values ('6','hdd');
Insert into SUROVIAK3.TYP_MAJETKU (ID_TYPU_MAJETKU,POPIS) values ('14','interaktivna tabula');
Insert into SUROVIAK3.TYP_MAJETKU (ID_TYPU_MAJETKU,POPIS) values ('26','kvetinac');
Insert into SUROVIAK3.TYP_MAJETKU (ID_TYPU_MAJETKU,POPIS) values ('12','meotar');
Insert into SUROVIAK3.TYP_MAJETKU (ID_TYPU_MAJETKU,POPIS) values ('10','notebook');
Insert into SUROVIAK3.TYP_MAJETKU (ID_TYPU_MAJETKU,POPIS) values ('9','pocitac');
Insert into SUROVIAK3.TYP_MAJETKU (ID_TYPU_MAJETKU,POPIS) values ('13','projektor');
Insert into SUROVIAK3.TYP_MAJETKU (ID_TYPU_MAJETKU,POPIS) values ('18','reproduktor');
Insert into SUROVIAK3.TYP_MAJETKU (ID_TYPU_MAJETKU,POPIS) values ('25','router');
Insert into SUROVIAK3.TYP_MAJETKU (ID_TYPU_MAJETKU,POPIS) values ('23','rozhlas');
Insert into SUROVIAK3.TYP_MAJETKU (ID_TYPU_MAJETKU,POPIS) values ('5','rozmnozovacia_technika');
Insert into SUROVIAK3.TYP_MAJETKU (ID_TYPU_MAJETKU,POPIS) values ('4','server');
Insert into SUROVIAK3.TYP_MAJETKU (ID_TYPU_MAJETKU,POPIS) values ('20','skrina');
Insert into SUROVIAK3.TYP_MAJETKU (ID_TYPU_MAJETKU,POPIS) values ('22','spongia');
Insert into SUROVIAK3.TYP_MAJETKU (ID_TYPU_MAJETKU,POPIS) values ('7','stol');
Insert into SUROVIAK3.TYP_MAJETKU (ID_TYPU_MAJETKU,POPIS) values ('11','stolicka');
Insert into SUROVIAK3.TYP_MAJETKU (ID_TYPU_MAJETKU,POPIS) values ('24','switch');
Insert into SUROVIAK3.TYP_MAJETKU (ID_TYPU_MAJETKU,POPIS) values ('2','tabula');
Insert into SUROVIAK3.TYP_MAJETKU (ID_TYPU_MAJETKU,POPIS) values ('1','tlaciaren');
Insert into SUROVIAK3.TYP_MAJETKU (ID_TYPU_MAJETKU,POPIS) values ('16','umyvadlo');
Insert into SUROVIAK3.TYP_MAJETKU (ID_TYPU_MAJETKU,POPIS) values ('19','vesiak');
Insert into SUROVIAK3.TYP_MAJETKU (ID_TYPU_MAJETKU,POPIS) values ('17','zrkadlo');
REM INSERTING into SUROVIAK3.TYP_MATERIALU
SET DEFINE OFF;
Insert into SUROVIAK3.TYP_MATERIALU (ID_TYPU_MATERIALU,POPIS,JE_SPOTREBNY) values ('8','Graficka karta','1');
Insert into SUROVIAK3.TYP_MATERIALU (ID_TYPU_MATERIALU,POPIS,JE_SPOTREBNY) values ('28','Ceruzka','1');
Insert into SUROVIAK3.TYP_MATERIALU (ID_TYPU_MATERIALU,POPIS,JE_SPOTREBNY) values ('1','papier','1');
Insert into SUROVIAK3.TYP_MATERIALU (ID_TYPU_MATERIALU,POPIS,JE_SPOTREBNY) values ('2','cartridge','1');
Insert into SUROVIAK3.TYP_MATERIALU (ID_TYPU_MATERIALU,POPIS,JE_SPOTREBNY) values ('3','fixka','1');
Insert into SUROVIAK3.TYP_MATERIALU (ID_TYPU_MATERIALU,POPIS,JE_SPOTREBNY) values ('4','handricka','1');
Insert into SUROVIAK3.TYP_MATERIALU (ID_TYPU_MATERIALU,POPIS,JE_SPOTREBNY) values ('5','vedro','1');
Insert into SUROVIAK3.TYP_MATERIALU (ID_TYPU_MATERIALU,POPIS,JE_SPOTREBNY) values ('27','toner','1');
Insert into SUROVIAK3.TYP_MATERIALU (ID_TYPU_MATERIALU,POPIS,JE_SPOTREBNY) values ('7','kladivo','1');
Insert into SUROVIAK3.TYP_MATERIALU (ID_TYPU_MATERIALU,POPIS,JE_SPOTREBNY) values ('11','baterka','1');
Insert into SUROVIAK3.TYP_MATERIALU (ID_TYPU_MATERIALU,POPIS,JE_SPOTREBNY) values ('9','pero','1');
Insert into SUROVIAK3.TYP_MATERIALU (ID_TYPU_MATERIALU,POPIS,JE_SPOTREBNY) values ('10','ceruzka','1');
Insert into SUROVIAK3.TYP_MATERIALU (ID_TYPU_MATERIALU,POPIS,JE_SPOTREBNY) values ('12','krieda','1');
Insert into SUROVIAK3.TYP_MATERIALU (ID_TYPU_MATERIALU,POPIS,JE_SPOTREBNY) values ('13','spinka','1');
Insert into SUROVIAK3.TYP_MATERIALU (ID_TYPU_MATERIALU,POPIS,JE_SPOTREBNY) values ('14','srobovak velkost 8','1');
Insert into SUROVIAK3.TYP_MATERIALU (ID_TYPU_MATERIALU,POPIS,JE_SPOTREBNY) values ('15','srobovak velkost 10','1');
Insert into SUROVIAK3.TYP_MATERIALU (ID_TYPU_MATERIALU,POPIS,JE_SPOTREBNY) values ('16','srobovak velkost 12','1');
Insert into SUROVIAK3.TYP_MATERIALU (ID_TYPU_MATERIALU,POPIS,JE_SPOTREBNY) values ('17','izolacna paska','1');
Insert into SUROVIAK3.TYP_MATERIALU (ID_TYPU_MATERIALU,POPIS,JE_SPOTREBNY) values ('18','srob velkost 10','1');
Insert into SUROVIAK3.TYP_MATERIALU (ID_TYPU_MATERIALU,POPIS,JE_SPOTREBNY) values ('19','srob velkost 8','1');
Insert into SUROVIAK3.TYP_MATERIALU (ID_TYPU_MATERIALU,POPIS,JE_SPOTREBNY) values ('20','srob velkost 6','1');
Insert into SUROVIAK3.TYP_MATERIALU (ID_TYPU_MATERIALU,POPIS,JE_SPOTREBNY) values ('21','metla','1');
Insert into SUROVIAK3.TYP_MATERIALU (ID_TYPU_MATERIALU,POPIS,JE_SPOTREBNY) values ('22','rukavica','1');
Insert into SUROVIAK3.TYP_MATERIALU (ID_TYPU_MATERIALU,POPIS,JE_SPOTREBNY) values ('23','izolovacia guma','1');
Insert into SUROVIAK3.TYP_MATERIALU (ID_TYPU_MATERIALU,POPIS,JE_SPOTREBNY) values ('24','sklenna vata','1');
Insert into SUROVIAK3.TYP_MATERIALU (ID_TYPU_MATERIALU,POPIS,JE_SPOTREBNY) values ('25','LAN kabel','1');
Insert into SUROVIAK3.TYP_MATERIALU (ID_TYPU_MATERIALU,POPIS,JE_SPOTREBNY) values ('26','predlzovacka','1');
REM INSERTING into SUROVIAK3.TYP_ODDELENIA
SET DEFINE OFF;
Insert into SUROVIAK3.TYP_ODDELENIA (ID_TYPU_ODD,POPIS) values ('1','fakulta');
Insert into SUROVIAK3.TYP_ODDELENIA (ID_TYPU_ODD,POPIS) values ('2','katedra');
Insert into SUROVIAK3.TYP_ODDELENIA (ID_TYPU_ODD,POPIS) values ('3','ucebna');
REM INSERTING into SUROVIAK3.TYP_PRACOVNIKA
SET DEFINE OFF;
Insert into SUROVIAK3.TYP_PRACOVNIKA (ID_TYPU_PRAC,POPIS) values ('4','administrator');
Insert into SUROVIAK3.TYP_PRACOVNIKA (ID_TYPU_PRAC,POPIS) values ('7','dekan');
Insert into SUROVIAK3.TYP_PRACOVNIKA (ID_TYPU_PRAC,POPIS) values ('19','ekonomicky referat');
Insert into SUROVIAK3.TYP_PRACOVNIKA (ID_TYPU_PRAC,POPIS) values ('14','garant informacnych sieti');
Insert into SUROVIAK3.TYP_PRACOVNIKA (ID_TYPU_PRAC,POPIS) values ('13','garant informatiky');
Insert into SUROVIAK3.TYP_PRACOVNIKA (ID_TYPU_PRAC,POPIS) values ('1','opravar');
Insert into SUROVIAK3.TYP_PRACOVNIKA (ID_TYPU_PRAC,POPIS) values ('18','personalny referat');
Insert into SUROVIAK3.TYP_PRACOVNIKA (ID_TYPU_PRAC,POPIS) values ('8','prodekan');
Insert into SUROVIAK3.TYP_PRACOVNIKA (ID_TYPU_PRAC,POPIS) values ('22','prodekan pre vedu a vyskum');
Insert into SUROVIAK3.TYP_PRACOVNIKA (ID_TYPU_PRAC,POPIS) values ('21','prodekan pre vzdelavanie');
Insert into SUROVIAK3.TYP_PRACOVNIKA (ID_TYPU_PRAC,POPIS) values ('17','referat pre doktorandske studium');
Insert into SUROVIAK3.TYP_PRACOVNIKA (ID_TYPU_PRAC,POPIS) values ('20','referat pre projekty a vonkajsie vztahy');
Insert into SUROVIAK3.TYP_PRACOVNIKA (ID_TYPU_PRAC,POPIS) values ('5','sekretarka');
Insert into SUROVIAK3.TYP_PRACOVNIKA (ID_TYPU_PRAC,POPIS) values ('6','skolnik');
Insert into SUROVIAK3.TYP_PRACOVNIKA (ID_TYPU_PRAC,POPIS) values ('10','spravca');
Insert into SUROVIAK3.TYP_PRACOVNIKA (ID_TYPU_PRAC,POPIS) values ('16','studijny referat');
Insert into SUROVIAK3.TYP_PRACOVNIKA (ID_TYPU_PRAC,POPIS) values ('24','tajomnik Elektrotechnickej fakulty');
Insert into SUROVIAK3.TYP_PRACOVNIKA (ID_TYPU_PRAC,POPIS) values ('25','tajomnik Fakulty humanitnych vied');
Insert into SUROVIAK3.TYP_PRACOVNIKA (ID_TYPU_PRAC,POPIS) values ('23','tajomnik PEDAS');
Insert into SUROVIAK3.TYP_PRACOVNIKA (ID_TYPU_PRAC,POPIS) values ('15','tajomn�k Fakulty riadenia a Informatiky');
Insert into SUROVIAK3.TYP_PRACOVNIKA (ID_TYPU_PRAC,POPIS) values ('3','upratovacka');
Insert into SUROVIAK3.TYP_PRACOVNIKA (ID_TYPU_PRAC,POPIS) values ('9','veduci_katedry');
Insert into SUROVIAK3.TYP_PRACOVNIKA (ID_TYPU_PRAC,POPIS) values ('11','veduci_katedry_dopravnych_sieti');
Insert into SUROVIAK3.TYP_PRACOVNIKA (ID_TYPU_PRAC,POPIS) values ('12','veduci_katedry_informacnych_sieti');
Insert into SUROVIAK3.TYP_PRACOVNIKA (ID_TYPU_PRAC,POPIS) values ('2','zodpovedny');
REM INSERTING into SUROVIAK3.ZODPOVEDNOST
SET DEFINE OFF;
Insert into SUROVIAK3.ZODPOVEDNOST (OD_KEDY,OSOBNE_CISLO,ID_MAJETOK,DO_KEDY) values (to_date('28.11.15','DD.MM.RR'),'2','1001',to_date('16.11.17','DD.MM.RR'));
Insert into SUROVIAK3.ZODPOVEDNOST (OD_KEDY,OSOBNE_CISLO,ID_MAJETOK,DO_KEDY) values (to_date('30.11.11','DD.MM.RR'),'9','1011',to_date('16.11.18','DD.MM.RR'));
Insert into SUROVIAK3.ZODPOVEDNOST (OD_KEDY,OSOBNE_CISLO,ID_MAJETOK,DO_KEDY) values (to_date('28.11.15','DD.MM.RR'),'15','1002',to_date('12.11.21','DD.MM.RR'));
Insert into SUROVIAK3.ZODPOVEDNOST (OD_KEDY,OSOBNE_CISLO,ID_MAJETOK,DO_KEDY) values (to_date('28.11.15','DD.MM.RR'),'13','1003',to_date('13.11.19','DD.MM.RR'));
Insert into SUROVIAK3.ZODPOVEDNOST (OD_KEDY,OSOBNE_CISLO,ID_MAJETOK,DO_KEDY) values (to_date('15.11.13','DD.MM.RR'),'2','1013',to_date('30.11.14','DD.MM.RR'));
Insert into SUROVIAK3.ZODPOVEDNOST (OD_KEDY,OSOBNE_CISLO,ID_MAJETOK,DO_KEDY) values (to_date('30.11.14','DD.MM.RR'),'11','1013',to_date('18.11.16','DD.MM.RR'));
Insert into SUROVIAK3.ZODPOVEDNOST (OD_KEDY,OSOBNE_CISLO,ID_MAJETOK,DO_KEDY) values (to_date('07.11.14','DD.MM.RR'),'12','1014',to_date('10.11.18','DD.MM.RR'));
Insert into SUROVIAK3.ZODPOVEDNOST (OD_KEDY,OSOBNE_CISLO,ID_MAJETOK,DO_KEDY) values (to_date('28.11.15','DD.MM.RR'),'1','1005',to_date('20.11.20','DD.MM.RR'));
Insert into SUROVIAK3.ZODPOVEDNOST (OD_KEDY,OSOBNE_CISLO,ID_MAJETOK,DO_KEDY) values (to_date('26.11.05','DD.MM.RR'),'6','1007',to_date('12.11.23','DD.MM.RR'));
Insert into SUROVIAK3.ZODPOVEDNOST (OD_KEDY,OSOBNE_CISLO,ID_MAJETOK,DO_KEDY) values (to_date('01.11.15','DD.MM.RR'),'11','1016',to_date('19.11.16','DD.MM.RR'));
Insert into SUROVIAK3.ZODPOVEDNOST (OD_KEDY,OSOBNE_CISLO,ID_MAJETOK,DO_KEDY) values (to_date('08.11.13','DD.MM.RR'),'7','1019',to_date('17.11.17','DD.MM.RR'));
Insert into SUROVIAK3.ZODPOVEDNOST (OD_KEDY,OSOBNE_CISLO,ID_MAJETOK,DO_KEDY) values (to_date('08.10.16','DD.MM.RR'),'13','1036',to_date('17.11.17','DD.MM.RR'));
Insert into SUROVIAK3.ZODPOVEDNOST (OD_KEDY,OSOBNE_CISLO,ID_MAJETOK,DO_KEDY) values (to_date('13.10.15','DD.MM.RR'),'4','1042',to_date('11.11.17','DD.MM.RR'));
Insert into SUROVIAK3.ZODPOVEDNOST (OD_KEDY,OSOBNE_CISLO,ID_MAJETOK,DO_KEDY) values (to_date('13.10.15','DD.MM.RR'),'1','1038',to_date('04.11.16','DD.MM.RR'));
Insert into SUROVIAK3.ZODPOVEDNOST (OD_KEDY,OSOBNE_CISLO,ID_MAJETOK,DO_KEDY) values (to_date('08.10.13','DD.MM.RR'),'5','1019',to_date('20.11.14','DD.MM.RR'));
Insert into SUROVIAK3.ZODPOVEDNOST (OD_KEDY,OSOBNE_CISLO,ID_MAJETOK,DO_KEDY) values (to_date('20.11.14','DD.MM.RR'),'8','1019',to_date('18.11.16','DD.MM.RR'));
--------------------------------------------------------
--  DDL for Index KEY9
--------------------------------------------------------

  CREATE UNIQUE INDEX "SUROVIAK3"."KEY9" ON "SUROVIAK3"."AKTIVITA" ("ID_TYPU_AKTIVITY", "OSOBNE_CISLO", "ID_MATERIALU", "CAS_USKUTOCNENIA") 
  PCTFREE 10 INITRANS 2 MAXTRANS 255 COMPUTE STATISTICS 
  STORAGE(INITIAL 65536 NEXT 1048576 MINEXTENTS 1 MAXEXTENTS 2147483645
  PCTINCREASE 0 FREELISTS 1 FREELIST GROUPS 1 BUFFER_POOL DEFAULT FLASH_CACHE DEFAULT CELL_FLASH_CACHE DEFAULT)
  TABLESPACE "USERS" ;
--------------------------------------------------------
--  DDL for Index KEY15
--------------------------------------------------------

  CREATE UNIQUE INDEX "SUROVIAK3"."KEY15" ON "SUROVIAK3"."HISTORIA_MATERIALU" ("ID_HISTORIE") 
  PCTFREE 10 INITRANS 2 MAXTRANS 255 COMPUTE STATISTICS NOCOMPRESS LOGGING
  TABLESPACE "USERS" ;
--------------------------------------------------------
--  DDL for Index SYS_C00516308
--------------------------------------------------------

  CREATE UNIQUE INDEX "SUROVIAK3"."SYS_C00516308" ON "SUROVIAK3"."INFOTLACIAREN" ("ID_MAJETOK") 
  PCTFREE 10 INITRANS 2 MAXTRANS 255 COMPUTE STATISTICS 
  STORAGE(INITIAL 65536 NEXT 1048576 MINEXTENTS 1 MAXEXTENTS 2147483645
  PCTINCREASE 0 FREELISTS 1 FREELIST GROUPS 1 BUFFER_POOL DEFAULT FLASH_CACHE DEFAULT CELL_FLASH_CACHE DEFAULT)
  TABLESPACE "USERS" ;
--------------------------------------------------------
--  DDL for Index KEY3
--------------------------------------------------------

  CREATE UNIQUE INDEX "SUROVIAK3"."KEY3" ON "SUROVIAK3"."MAJETOK" ("ID_MAJETOK") 
  PCTFREE 10 INITRANS 2 MAXTRANS 255 COMPUTE STATISTICS 
  STORAGE(INITIAL 65536 NEXT 1048576 MINEXTENTS 1 MAXEXTENTS 2147483645
  PCTINCREASE 0 FREELISTS 1 FREELIST GROUPS 1 BUFFER_POOL DEFAULT FLASH_CACHE DEFAULT CELL_FLASH_CACHE DEFAULT)
  TABLESPACE "USERS" ;
--------------------------------------------------------
--  DDL for Index KEY8
--------------------------------------------------------

  CREATE UNIQUE INDEX "SUROVIAK3"."KEY8" ON "SUROVIAK3"."MATERIAL_NA_AKTIVITU" ("ID_MATERIALU") 
  PCTFREE 10 INITRANS 2 MAXTRANS 255 COMPUTE STATISTICS 
  STORAGE(INITIAL 65536 NEXT 1048576 MINEXTENTS 1 MAXEXTENTS 2147483645
  PCTINCREASE 0 FREELISTS 1 FREELIST GROUPS 1 BUFFER_POOL DEFAULT FLASH_CACHE DEFAULT CELL_FLASH_CACHE DEFAULT)
  TABLESPACE "USERS" ;
--------------------------------------------------------
--  DDL for Index SYS_C00516142
--------------------------------------------------------

  CREATE UNIQUE INDEX "SUROVIAK3"."SYS_C00516142" ON "SUROVIAK3"."NACHADZA_SA" ("ID_ODDELENIA_SYN") 
  PCTFREE 10 INITRANS 2 MAXTRANS 255 COMPUTE STATISTICS 
  STORAGE(INITIAL 65536 NEXT 1048576 MINEXTENTS 1 MAXEXTENTS 2147483645
  PCTINCREASE 0 FREELISTS 1 FREELIST GROUPS 1 BUFFER_POOL DEFAULT FLASH_CACHE DEFAULT CELL_FLASH_CACHE DEFAULT)
  TABLESPACE "USERS" ;
--------------------------------------------------------
--  DDL for Index KEY2
--------------------------------------------------------

  CREATE UNIQUE INDEX "SUROVIAK3"."KEY2" ON "SUROVIAK3"."ODDELENIE" ("ID_ODDELENIA") 
  PCTFREE 10 INITRANS 2 MAXTRANS 255 COMPUTE STATISTICS 
  STORAGE(INITIAL 65536 NEXT 1048576 MINEXTENTS 1 MAXEXTENTS 2147483645
  PCTINCREASE 0 FREELISTS 1 FREELIST GROUPS 1 BUFFER_POOL DEFAULT FLASH_CACHE DEFAULT CELL_FLASH_CACHE DEFAULT)
  TABLESPACE "USERS" ;
--------------------------------------------------------
--  DDL for Index SYS_C00516395
--------------------------------------------------------

  CREATE UNIQUE INDEX "SUROVIAK3"."SYS_C00516395" ON "SUROVIAK3"."OSOBY" ("SYS_NC0000600007$") 
  PCTFREE 10 INITRANS 2 MAXTRANS 255 COMPUTE STATISTICS 
  STORAGE(INITIAL 65536 NEXT 1048576 MINEXTENTS 1 MAXEXTENTS 2147483645
  PCTINCREASE 0 FREELISTS 1 FREELIST GROUPS 1 BUFFER_POOL DEFAULT FLASH_CACHE DEFAULT CELL_FLASH_CACHE DEFAULT)
  TABLESPACE "USERS" ;
--------------------------------------------------------
--  DDL for Index SYS_C00516396
--------------------------------------------------------

  CREATE UNIQUE INDEX "SUROVIAK3"."SYS_C00516396" ON "SUROVIAK3"."OSOBY" ("SYS_NC_OID$") 
  PCTFREE 10 INITRANS 2 MAXTRANS 255 COMPUTE STATISTICS 
  STORAGE(INITIAL 65536 NEXT 1048576 MINEXTENTS 1 MAXEXTENTS 2147483645
  PCTINCREASE 0 FREELISTS 1 FREELIST GROUPS 1 BUFFER_POOL DEFAULT FLASH_CACHE DEFAULT CELL_FLASH_CACHE DEFAULT)
  TABLESPACE "USERS" ;
--------------------------------------------------------
--  DDL for Index SYS_C00516398
--------------------------------------------------------

  CREATE UNIQUE INDEX "SUROVIAK3"."SYS_C00516398" ON "SUROVIAK3"."OSOBY" ("RODNE_CISLO") 
  PCTFREE 10 INITRANS 2 MAXTRANS 255 COMPUTE STATISTICS 
  STORAGE(INITIAL 65536 NEXT 1048576 MINEXTENTS 1 MAXEXTENTS 2147483645
  PCTINCREASE 0 FREELISTS 1 FREELIST GROUPS 1 BUFFER_POOL DEFAULT FLASH_CACHE DEFAULT CELL_FLASH_CACHE DEFAULT)
  TABLESPACE "USERS" ;
--------------------------------------------------------
--  DDL for Index KEY6
--------------------------------------------------------

  CREATE UNIQUE INDEX "SUROVIAK3"."KEY6" ON "SUROVIAK3"."PRACOVNIK" ("OSOBNE_CISLO") 
  PCTFREE 10 INITRANS 2 MAXTRANS 255 COMPUTE STATISTICS 
  STORAGE(INITIAL 65536 NEXT 1048576 MINEXTENTS 1 MAXEXTENTS 2147483645
  PCTINCREASE 0 FREELISTS 1 FREELIST GROUPS 1 BUFFER_POOL DEFAULT FLASH_CACHE DEFAULT CELL_FLASH_CACHE DEFAULT)
  TABLESPACE "USERS" ;
--------------------------------------------------------
--  DDL for Index SYS_C00511439
--------------------------------------------------------

  CREATE UNIQUE INDEX "SUROVIAK3"."SYS_C00511439" ON "SUROVIAK3"."PREDMET" ("CIS_PREDM") 
  PCTFREE 10 INITRANS 2 MAXTRANS 255 COMPUTE STATISTICS 
  STORAGE(INITIAL 65536 NEXT 1048576 MINEXTENTS 1 MAXEXTENTS 2147483645
  PCTINCREASE 0 FREELISTS 1 FREELIST GROUPS 1 BUFFER_POOL DEFAULT FLASH_CACHE DEFAULT CELL_FLASH_CACHE DEFAULT)
  TABLESPACE "USERS" ;
--------------------------------------------------------
--  DDL for Index SYS_C00511448
--------------------------------------------------------

  CREATE UNIQUE INDEX "SUROVIAK3"."SYS_C00511448" ON "SUROVIAK3"."PREDMET_BOD" ("CIS_PREDM", "SKROK") 
  PCTFREE 10 INITRANS 2 MAXTRANS 255 COMPUTE STATISTICS 
  STORAGE(INITIAL 65536 NEXT 1048576 MINEXTENTS 1 MAXEXTENTS 2147483645
  PCTINCREASE 0 FREELISTS 1 FREELIST GROUPS 1 BUFFER_POOL DEFAULT FLASH_CACHE DEFAULT CELL_FLASH_CACHE DEFAULT)
  TABLESPACE "USERS" ;
--------------------------------------------------------
--  DDL for Index KEY10
--------------------------------------------------------

  CREATE UNIQUE INDEX "SUROVIAK3"."KEY10" ON "SUROVIAK3"."TYP_AKTIVITY" ("ID_TYPU_AKTIVITY") 
  PCTFREE 10 INITRANS 2 MAXTRANS 255 COMPUTE STATISTICS 
  STORAGE(INITIAL 65536 NEXT 1048576 MINEXTENTS 1 MAXEXTENTS 2147483645
  PCTINCREASE 0 FREELISTS 1 FREELIST GROUPS 1 BUFFER_POOL DEFAULT FLASH_CACHE DEFAULT CELL_FLASH_CACHE DEFAULT)
  TABLESPACE "USERS" ;
--------------------------------------------------------
--  DDL for Index SYS_C00511831
--------------------------------------------------------

  CREATE UNIQUE INDEX "SUROVIAK3"."SYS_C00511831" ON "SUROVIAK3"."TYP_AKTIVITY" ("POPIS") 
  PCTFREE 10 INITRANS 2 MAXTRANS 255 COMPUTE STATISTICS 
  STORAGE(INITIAL 65536 NEXT 1048576 MINEXTENTS 1 MAXEXTENTS 2147483645
  PCTINCREASE 0 FREELISTS 1 FREELIST GROUPS 1 BUFFER_POOL DEFAULT FLASH_CACHE DEFAULT CELL_FLASH_CACHE DEFAULT)
  TABLESPACE "USERS" ;
--------------------------------------------------------
--  DDL for Index SYS_C00511083
--------------------------------------------------------

  CREATE UNIQUE INDEX "SUROVIAK3"."SYS_C00511083" ON "SUROVIAK3"."TYP_MAJETKU" ("ID_TYPU_MAJETKU") 
  PCTFREE 10 INITRANS 2 MAXTRANS 255 COMPUTE STATISTICS 
  STORAGE(INITIAL 65536 NEXT 1048576 MINEXTENTS 1 MAXEXTENTS 2147483645
  PCTINCREASE 0 FREELISTS 1 FREELIST GROUPS 1 BUFFER_POOL DEFAULT FLASH_CACHE DEFAULT CELL_FLASH_CACHE DEFAULT)
  TABLESPACE "USERS" ;
--------------------------------------------------------
--  DDL for Index SYS_C00511829
--------------------------------------------------------

  CREATE UNIQUE INDEX "SUROVIAK3"."SYS_C00511829" ON "SUROVIAK3"."TYP_MAJETKU" ("POPIS") 
  PCTFREE 10 INITRANS 2 MAXTRANS 255 COMPUTE STATISTICS 
  STORAGE(INITIAL 65536 NEXT 1048576 MINEXTENTS 1 MAXEXTENTS 2147483645
  PCTINCREASE 0 FREELISTS 1 FREELIST GROUPS 1 BUFFER_POOL DEFAULT FLASH_CACHE DEFAULT CELL_FLASH_CACHE DEFAULT)
  TABLESPACE "USERS" ;
--------------------------------------------------------
--  DDL for Index KEY12
--------------------------------------------------------

  CREATE UNIQUE INDEX "SUROVIAK3"."KEY12" ON "SUROVIAK3"."TYP_MATERIALU" ("ID_TYPU_MATERIALU") 
  PCTFREE 10 INITRANS 2 MAXTRANS 255 COMPUTE STATISTICS 
  STORAGE(INITIAL 65536 NEXT 1048576 MINEXTENTS 1 MAXEXTENTS 2147483645
  PCTINCREASE 0 FREELISTS 1 FREELIST GROUPS 1 BUFFER_POOL DEFAULT FLASH_CACHE DEFAULT CELL_FLASH_CACHE DEFAULT)
  TABLESPACE "USERS" ;
--------------------------------------------------------
--  DDL for Index SYS_C00511827
--------------------------------------------------------

  CREATE UNIQUE INDEX "SUROVIAK3"."SYS_C00511827" ON "SUROVIAK3"."TYP_MATERIALU" ("POPIS") 
  PCTFREE 10 INITRANS 2 MAXTRANS 255 COMPUTE STATISTICS 
  STORAGE(INITIAL 65536 NEXT 1048576 MINEXTENTS 1 MAXEXTENTS 2147483645
  PCTINCREASE 0 FREELISTS 1 FREELIST GROUPS 1 BUFFER_POOL DEFAULT FLASH_CACHE DEFAULT CELL_FLASH_CACHE DEFAULT)
  TABLESPACE "USERS" ;
--------------------------------------------------------
--  DDL for Index KEY1
--------------------------------------------------------

  CREATE UNIQUE INDEX "SUROVIAK3"."KEY1" ON "SUROVIAK3"."TYP_ODDELENIA" ("ID_TYPU_ODD") 
  PCTFREE 10 INITRANS 2 MAXTRANS 255 COMPUTE STATISTICS 
  STORAGE(INITIAL 65536 NEXT 1048576 MINEXTENTS 1 MAXEXTENTS 2147483645
  PCTINCREASE 0 FREELISTS 1 FREELIST GROUPS 1 BUFFER_POOL DEFAULT FLASH_CACHE DEFAULT CELL_FLASH_CACHE DEFAULT)
  TABLESPACE "USERS" ;
--------------------------------------------------------
--  DDL for Index SYS_C00511828
--------------------------------------------------------

  CREATE UNIQUE INDEX "SUROVIAK3"."SYS_C00511828" ON "SUROVIAK3"."TYP_ODDELENIA" ("POPIS") 
  PCTFREE 10 INITRANS 2 MAXTRANS 255 COMPUTE STATISTICS 
  STORAGE(INITIAL 65536 NEXT 1048576 MINEXTENTS 1 MAXEXTENTS 2147483645
  PCTINCREASE 0 FREELISTS 1 FREELIST GROUPS 1 BUFFER_POOL DEFAULT FLASH_CACHE DEFAULT CELL_FLASH_CACHE DEFAULT)
  TABLESPACE "USERS" ;
--------------------------------------------------------
--  DDL for Index KEY13
--------------------------------------------------------

  CREATE UNIQUE INDEX "SUROVIAK3"."KEY13" ON "SUROVIAK3"."TYP_PRACOVNIKA" ("ID_TYPU_PRAC") 
  PCTFREE 10 INITRANS 2 MAXTRANS 255 COMPUTE STATISTICS 
  STORAGE(INITIAL 65536 NEXT 1048576 MINEXTENTS 1 MAXEXTENTS 2147483645
  PCTINCREASE 0 FREELISTS 1 FREELIST GROUPS 1 BUFFER_POOL DEFAULT FLASH_CACHE DEFAULT CELL_FLASH_CACHE DEFAULT)
  TABLESPACE "USERS" ;
--------------------------------------------------------
--  DDL for Index SYS_C00511830
--------------------------------------------------------

  CREATE UNIQUE INDEX "SUROVIAK3"."SYS_C00511830" ON "SUROVIAK3"."TYP_PRACOVNIKA" ("POPIS") 
  PCTFREE 10 INITRANS 2 MAXTRANS 255 COMPUTE STATISTICS 
  STORAGE(INITIAL 65536 NEXT 1048576 MINEXTENTS 1 MAXEXTENTS 2147483645
  PCTINCREASE 0 FREELISTS 1 FREELIST GROUPS 1 BUFFER_POOL DEFAULT FLASH_CACHE DEFAULT CELL_FLASH_CACHE DEFAULT)
  TABLESPACE "USERS" ;
--------------------------------------------------------
--  DDL for Index KEY7
--------------------------------------------------------

  CREATE UNIQUE INDEX "SUROVIAK3"."KEY7" ON "SUROVIAK3"."ZODPOVEDNOST" ("OSOBNE_CISLO", "ID_MAJETOK", "OD_KEDY") 
  PCTFREE 10 INITRANS 2 MAXTRANS 255 COMPUTE STATISTICS 
  STORAGE(INITIAL 65536 NEXT 1048576 MINEXTENTS 1 MAXEXTENTS 2147483645
  PCTINCREASE 0 FREELISTS 1 FREELIST GROUPS 1 BUFFER_POOL DEFAULT FLASH_CACHE DEFAULT CELL_FLASH_CACHE DEFAULT)
  TABLESPACE "USERS" ;
--------------------------------------------------------
--  Constraints for Table AKTIVITA
--------------------------------------------------------

  ALTER TABLE "SUROVIAK3"."AKTIVITA" ADD CONSTRAINT "KEY9" PRIMARY KEY ("ID_TYPU_AKTIVITY", "OSOBNE_CISLO", "ID_MATERIALU", "CAS_USKUTOCNENIA")
  USING INDEX PCTFREE 10 INITRANS 2 MAXTRANS 255 COMPUTE STATISTICS 
  STORAGE(INITIAL 65536 NEXT 1048576 MINEXTENTS 1 MAXEXTENTS 2147483645
  PCTINCREASE 0 FREELISTS 1 FREELIST GROUPS 1 BUFFER_POOL DEFAULT FLASH_CACHE DEFAULT CELL_FLASH_CACHE DEFAULT)
  TABLESPACE "USERS"  ENABLE;
 
  ALTER TABLE "SUROVIAK3"."AKTIVITA" MODIFY ("CAS_USKUTOCNENIA" NOT NULL ENABLE);
 
  ALTER TABLE "SUROVIAK3"."AKTIVITA" MODIFY ("OSOBNE_CISLO" NOT NULL ENABLE);
 
  ALTER TABLE "SUROVIAK3"."AKTIVITA" MODIFY ("ID_TYPU_AKTIVITY" NOT NULL ENABLE);
 
  ALTER TABLE "SUROVIAK3"."AKTIVITA" MODIFY ("ID_MATERIALU" NOT NULL ENABLE);
 
  ALTER TABLE "SUROVIAK3"."AKTIVITA" MODIFY ("CENA" NOT NULL ENABLE);
 
  ALTER TABLE "SUROVIAK3"."AKTIVITA" MODIFY ("POPIS" NOT NULL ENABLE);
 
  ALTER TABLE "SUROVIAK3"."AKTIVITA" MODIFY ("POCET_MATERIALU" NOT NULL ENABLE);
 
  ALTER TABLE "SUROVIAK3"."AKTIVITA" MODIFY ("TRVANIE_AKTIVITY" NOT NULL ENABLE);
--------------------------------------------------------
--  Constraints for Table BLOB_TABLE
--------------------------------------------------------

  ALTER TABLE "SUROVIAK3"."BLOB_TABLE" MODIFY ("ID" NOT NULL ENABLE);
--------------------------------------------------------
--  Constraints for Table HISTORIA_MATERIALU
--------------------------------------------------------

  ALTER TABLE "SUROVIAK3"."HISTORIA_MATERIALU" ADD CONSTRAINT "KEY15" PRIMARY KEY ("ID_HISTORIE")
  USING INDEX PCTFREE 10 INITRANS 2 MAXTRANS 255 COMPUTE STATISTICS NOCOMPRESS LOGGING
  TABLESPACE "USERS"  ENABLE;
 
  ALTER TABLE "SUROVIAK3"."HISTORIA_MATERIALU" MODIFY ("ID_HISTORIE" NOT NULL ENABLE);
 
  ALTER TABLE "SUROVIAK3"."HISTORIA_MATERIALU" MODIFY ("ID_MATERIALU" NOT NULL ENABLE);
 
  ALTER TABLE "SUROVIAK3"."HISTORIA_MATERIALU" MODIFY ("OD" NOT NULL ENABLE);
 
  ALTER TABLE "SUROVIAK3"."HISTORIA_MATERIALU" MODIFY ("DO" NOT NULL ENABLE);
 
  ALTER TABLE "SUROVIAK3"."HISTORIA_MATERIALU" MODIFY ("POCET" NOT NULL ENABLE);
--------------------------------------------------------
--  Constraints for Table INFOTLACIAREN
--------------------------------------------------------

  ALTER TABLE "SUROVIAK3"."INFOTLACIAREN" MODIFY ("ID_MAJETOK" NOT NULL ENABLE);
 
  ALTER TABLE "SUROVIAK3"."INFOTLACIAREN" MODIFY ("INFO" NOT NULL ENABLE);
 
  ALTER TABLE "SUROVIAK3"."INFOTLACIAREN" ADD PRIMARY KEY ("ID_MAJETOK")
  USING INDEX PCTFREE 10 INITRANS 2 MAXTRANS 255 COMPUTE STATISTICS 
  STORAGE(INITIAL 65536 NEXT 1048576 MINEXTENTS 1 MAXEXTENTS 2147483645
  PCTINCREASE 0 FREELISTS 1 FREELIST GROUPS 1 BUFFER_POOL DEFAULT FLASH_CACHE DEFAULT CELL_FLASH_CACHE DEFAULT)
  TABLESPACE "USERS"  ENABLE;
--------------------------------------------------------
--  Constraints for Table MAJETOK
--------------------------------------------------------

  ALTER TABLE "SUROVIAK3"."MAJETOK" ADD CONSTRAINT "KEY3" PRIMARY KEY ("ID_MAJETOK")
  USING INDEX PCTFREE 10 INITRANS 2 MAXTRANS 255 COMPUTE STATISTICS 
  STORAGE(INITIAL 65536 NEXT 1048576 MINEXTENTS 1 MAXEXTENTS 2147483645
  PCTINCREASE 0 FREELISTS 1 FREELIST GROUPS 1 BUFFER_POOL DEFAULT FLASH_CACHE DEFAULT CELL_FLASH_CACHE DEFAULT)
  TABLESPACE "USERS"  ENABLE;
 
  ALTER TABLE "SUROVIAK3"."MAJETOK" MODIFY ("ID_MAJETOK" NOT NULL ENABLE);
 
  ALTER TABLE "SUROVIAK3"."MAJETOK" MODIFY ("ID_ODDELENIA" NOT NULL ENABLE);
 
  ALTER TABLE "SUROVIAK3"."MAJETOK" MODIFY ("NAKUPNA_CENA" NOT NULL ENABLE);
 
  ALTER TABLE "SUROVIAK3"."MAJETOK" MODIFY ("DATUM_NAKUPU" NOT NULL ENABLE);
 
  ALTER TABLE "SUROVIAK3"."MAJETOK" MODIFY ("ZIVOTNOST" NOT NULL ENABLE);
 
  ALTER TABLE "SUROVIAK3"."MAJETOK" MODIFY ("ZARUKA" NOT NULL ENABLE);
 
  ALTER TABLE "SUROVIAK3"."MAJETOK" MODIFY ("SEVISNE_OBDOBIE" NOT NULL ENABLE);
 
  ALTER TABLE "SUROVIAK3"."MAJETOK" MODIFY ("ID_TYPU_MAJETKU" NOT NULL ENABLE);
 
  ALTER TABLE "SUROVIAK3"."MAJETOK" ADD CHECK (stav_majetku in ('P', 'V')) ENABLE;
 
  ALTER TABLE "SUROVIAK3"."MAJETOK" MODIFY ("POPIS" NOT NULL ENABLE);
--------------------------------------------------------
--  Constraints for Table MATERIAL_NA_AKTIVITU
--------------------------------------------------------

  ALTER TABLE "SUROVIAK3"."MATERIAL_NA_AKTIVITU" ADD CONSTRAINT "KEY8" PRIMARY KEY ("ID_MATERIALU")
  USING INDEX PCTFREE 10 INITRANS 2 MAXTRANS 255 COMPUTE STATISTICS 
  STORAGE(INITIAL 65536 NEXT 1048576 MINEXTENTS 1 MAXEXTENTS 2147483645
  PCTINCREASE 0 FREELISTS 1 FREELIST GROUPS 1 BUFFER_POOL DEFAULT FLASH_CACHE DEFAULT CELL_FLASH_CACHE DEFAULT)
  TABLESPACE "USERS"  ENABLE;
 
  ALTER TABLE "SUROVIAK3"."MATERIAL_NA_AKTIVITU" MODIFY ("ID_MATERIALU" NOT NULL ENABLE);
 
  ALTER TABLE "SUROVIAK3"."MATERIAL_NA_AKTIVITU" MODIFY ("ID_ODDELENIA" NOT NULL ENABLE);
 
  ALTER TABLE "SUROVIAK3"."MATERIAL_NA_AKTIVITU" MODIFY ("ID_TYPU_MATERIALU" NOT NULL ENABLE);
 
  ALTER TABLE "SUROVIAK3"."MATERIAL_NA_AKTIVITU" MODIFY ("NAKUPNA_CENA" NOT NULL ENABLE);
 
  ALTER TABLE "SUROVIAK3"."MATERIAL_NA_AKTIVITU" MODIFY ("POCET" NOT NULL ENABLE);
--------------------------------------------------------
--  Constraints for Table NACHADZA_SA
--------------------------------------------------------

  ALTER TABLE "SUROVIAK3"."NACHADZA_SA" MODIFY ("ID_ODDELENIA" NOT NULL ENABLE);
 
  ALTER TABLE "SUROVIAK3"."NACHADZA_SA" ADD PRIMARY KEY ("ID_ODDELENIA_SYN")
  USING INDEX PCTFREE 10 INITRANS 2 MAXTRANS 255 COMPUTE STATISTICS 
  STORAGE(INITIAL 65536 NEXT 1048576 MINEXTENTS 1 MAXEXTENTS 2147483645
  PCTINCREASE 0 FREELISTS 1 FREELIST GROUPS 1 BUFFER_POOL DEFAULT FLASH_CACHE DEFAULT CELL_FLASH_CACHE DEFAULT)
  TABLESPACE "USERS"  ENABLE;
--------------------------------------------------------
--  Constraints for Table ODDELENIE
--------------------------------------------------------

  ALTER TABLE "SUROVIAK3"."ODDELENIE" ADD CONSTRAINT "KEY2" PRIMARY KEY ("ID_ODDELENIA")
  USING INDEX PCTFREE 10 INITRANS 2 MAXTRANS 255 COMPUTE STATISTICS 
  STORAGE(INITIAL 65536 NEXT 1048576 MINEXTENTS 1 MAXEXTENTS 2147483645
  PCTINCREASE 0 FREELISTS 1 FREELIST GROUPS 1 BUFFER_POOL DEFAULT FLASH_CACHE DEFAULT CELL_FLASH_CACHE DEFAULT)
  TABLESPACE "USERS"  ENABLE;
 
  ALTER TABLE "SUROVIAK3"."ODDELENIE" MODIFY ("ID_ODDELENIA" NOT NULL ENABLE);
 
  ALTER TABLE "SUROVIAK3"."ODDELENIE" MODIFY ("ID_TYPU_ODD" NOT NULL ENABLE);
 
  ALTER TABLE "SUROVIAK3"."ODDELENIE" MODIFY ("POPIS" NOT NULL ENABLE);
--------------------------------------------------------
--  Constraints for Table OSOBY
--------------------------------------------------------

  ALTER TABLE "SUROVIAK3"."OSOBY" ADD UNIQUE ("KONTAKTY")
  USING INDEX PCTFREE 10 INITRANS 2 MAXTRANS 255 COMPUTE STATISTICS 
  STORAGE(INITIAL 65536 NEXT 1048576 MINEXTENTS 1 MAXEXTENTS 2147483645
  PCTINCREASE 0 FREELISTS 1 FREELIST GROUPS 1 BUFFER_POOL DEFAULT FLASH_CACHE DEFAULT CELL_FLASH_CACHE DEFAULT)
  TABLESPACE "USERS"  ENABLE;
 
  ALTER TABLE "SUROVIAK3"."OSOBY" ADD UNIQUE ("SYS_NC_OID$")
  USING INDEX PCTFREE 10 INITRANS 2 MAXTRANS 255 COMPUTE STATISTICS 
  STORAGE(INITIAL 65536 NEXT 1048576 MINEXTENTS 1 MAXEXTENTS 2147483645
  PCTINCREASE 0 FREELISTS 1 FREELIST GROUPS 1 BUFFER_POOL DEFAULT FLASH_CACHE DEFAULT CELL_FLASH_CACHE DEFAULT)
  TABLESPACE "USERS"  ENABLE;
 
  ALTER TABLE "SUROVIAK3"."OSOBY" MODIFY ("RODNE_CISLO" NOT NULL ENABLE);
 
  ALTER TABLE "SUROVIAK3"."OSOBY" ADD PRIMARY KEY ("RODNE_CISLO")
  USING INDEX PCTFREE 10 INITRANS 2 MAXTRANS 255 COMPUTE STATISTICS 
  STORAGE(INITIAL 65536 NEXT 1048576 MINEXTENTS 1 MAXEXTENTS 2147483645
  PCTINCREASE 0 FREELISTS 1 FREELIST GROUPS 1 BUFFER_POOL DEFAULT FLASH_CACHE DEFAULT CELL_FLASH_CACHE DEFAULT)
  TABLESPACE "USERS"  ENABLE;
--------------------------------------------------------
--  Constraints for Table PRACOVNIK
--------------------------------------------------------

  ALTER TABLE "SUROVIAK3"."PRACOVNIK" ADD CONSTRAINT "KEY6" PRIMARY KEY ("OSOBNE_CISLO")
  USING INDEX PCTFREE 10 INITRANS 2 MAXTRANS 255 COMPUTE STATISTICS 
  STORAGE(INITIAL 65536 NEXT 1048576 MINEXTENTS 1 MAXEXTENTS 2147483645
  PCTINCREASE 0 FREELISTS 1 FREELIST GROUPS 1 BUFFER_POOL DEFAULT FLASH_CACHE DEFAULT CELL_FLASH_CACHE DEFAULT)
  TABLESPACE "USERS"  ENABLE;
 
  ALTER TABLE "SUROVIAK3"."PRACOVNIK" MODIFY ("OSOBNE_CISLO" NOT NULL ENABLE);
 
  ALTER TABLE "SUROVIAK3"."PRACOVNIK" MODIFY ("RODNE_CISLO" NOT NULL ENABLE);
--------------------------------------------------------
--  Constraints for Table PREDMET
--------------------------------------------------------

  ALTER TABLE "SUROVIAK3"."PREDMET" MODIFY ("CIS_PREDM" NOT NULL ENABLE);
 
  ALTER TABLE "SUROVIAK3"."PREDMET" MODIFY ("NAZOV" NOT NULL ENABLE);
 
  ALTER TABLE "SUROVIAK3"."PREDMET" ADD PRIMARY KEY ("CIS_PREDM")
  USING INDEX PCTFREE 10 INITRANS 2 MAXTRANS 255 COMPUTE STATISTICS 
  STORAGE(INITIAL 65536 NEXT 1048576 MINEXTENTS 1 MAXEXTENTS 2147483645
  PCTINCREASE 0 FREELISTS 1 FREELIST GROUPS 1 BUFFER_POOL DEFAULT FLASH_CACHE DEFAULT CELL_FLASH_CACHE DEFAULT)
  TABLESPACE "USERS"  ENABLE;
--------------------------------------------------------
--  Constraints for Table PREDMET_BOD
--------------------------------------------------------

  ALTER TABLE "SUROVIAK3"."PREDMET_BOD" MODIFY ("CIS_PREDM" NOT NULL ENABLE);
 
  ALTER TABLE "SUROVIAK3"."PREDMET_BOD" MODIFY ("SKROK" NOT NULL ENABLE);
 
  ALTER TABLE "SUROVIAK3"."PREDMET_BOD" MODIFY ("GARANT" NOT NULL ENABLE);
 
  ALTER TABLE "SUROVIAK3"."PREDMET_BOD" MODIFY ("ECTS" NOT NULL ENABLE);
 
  ALTER TABLE "SUROVIAK3"."PREDMET_BOD" MODIFY ("SEMESTER" NOT NULL ENABLE);
 
  ALTER TABLE "SUROVIAK3"."PREDMET_BOD" MODIFY ("FORMA_KONT" NOT NULL ENABLE);
 
  ALTER TABLE "SUROVIAK3"."PREDMET_BOD" ADD CHECK (semester in ('Z','L') ) ENABLE;
 
  ALTER TABLE "SUROVIAK3"."PREDMET_BOD" ADD CHECK (forma_kont in ('s','z','e') ) ENABLE;
 
  ALTER TABLE "SUROVIAK3"."PREDMET_BOD" ADD PRIMARY KEY ("CIS_PREDM", "SKROK")
  USING INDEX PCTFREE 10 INITRANS 2 MAXTRANS 255 COMPUTE STATISTICS 
  STORAGE(INITIAL 65536 NEXT 1048576 MINEXTENTS 1 MAXEXTENTS 2147483645
  PCTINCREASE 0 FREELISTS 1 FREELIST GROUPS 1 BUFFER_POOL DEFAULT FLASH_CACHE DEFAULT CELL_FLASH_CACHE DEFAULT)
  TABLESPACE "USERS"  ENABLE;
--------------------------------------------------------
--  Constraints for Table TYP_AKTIVITY
--------------------------------------------------------

  ALTER TABLE "SUROVIAK3"."TYP_AKTIVITY" ADD CONSTRAINT "KEY10" PRIMARY KEY ("ID_TYPU_AKTIVITY")
  USING INDEX PCTFREE 10 INITRANS 2 MAXTRANS 255 COMPUTE STATISTICS 
  STORAGE(INITIAL 65536 NEXT 1048576 MINEXTENTS 1 MAXEXTENTS 2147483645
  PCTINCREASE 0 FREELISTS 1 FREELIST GROUPS 1 BUFFER_POOL DEFAULT FLASH_CACHE DEFAULT CELL_FLASH_CACHE DEFAULT)
  TABLESPACE "USERS"  ENABLE;
 
  ALTER TABLE "SUROVIAK3"."TYP_AKTIVITY" MODIFY ("ID_TYPU_AKTIVITY" NOT NULL ENABLE);
 
  ALTER TABLE "SUROVIAK3"."TYP_AKTIVITY" MODIFY ("POPIS" NOT NULL ENABLE);
 
  ALTER TABLE "SUROVIAK3"."TYP_AKTIVITY" ADD UNIQUE ("POPIS")
  USING INDEX PCTFREE 10 INITRANS 2 MAXTRANS 255 COMPUTE STATISTICS 
  STORAGE(INITIAL 65536 NEXT 1048576 MINEXTENTS 1 MAXEXTENTS 2147483645
  PCTINCREASE 0 FREELISTS 1 FREELIST GROUPS 1 BUFFER_POOL DEFAULT FLASH_CACHE DEFAULT CELL_FLASH_CACHE DEFAULT)
  TABLESPACE "USERS"  ENABLE;
--------------------------------------------------------
--  Constraints for Table TYP_MAJETKU
--------------------------------------------------------

  ALTER TABLE "SUROVIAK3"."TYP_MAJETKU" MODIFY ("ID_TYPU_MAJETKU" NOT NULL ENABLE);
 
  ALTER TABLE "SUROVIAK3"."TYP_MAJETKU" ADD PRIMARY KEY ("ID_TYPU_MAJETKU")
  USING INDEX PCTFREE 10 INITRANS 2 MAXTRANS 255 COMPUTE STATISTICS 
  STORAGE(INITIAL 65536 NEXT 1048576 MINEXTENTS 1 MAXEXTENTS 2147483645
  PCTINCREASE 0 FREELISTS 1 FREELIST GROUPS 1 BUFFER_POOL DEFAULT FLASH_CACHE DEFAULT CELL_FLASH_CACHE DEFAULT)
  TABLESPACE "USERS"  ENABLE;
 
  ALTER TABLE "SUROVIAK3"."TYP_MAJETKU" MODIFY ("POPIS" NOT NULL ENABLE);
 
  ALTER TABLE "SUROVIAK3"."TYP_MAJETKU" ADD UNIQUE ("POPIS")
  USING INDEX PCTFREE 10 INITRANS 2 MAXTRANS 255 COMPUTE STATISTICS 
  STORAGE(INITIAL 65536 NEXT 1048576 MINEXTENTS 1 MAXEXTENTS 2147483645
  PCTINCREASE 0 FREELISTS 1 FREELIST GROUPS 1 BUFFER_POOL DEFAULT FLASH_CACHE DEFAULT CELL_FLASH_CACHE DEFAULT)
  TABLESPACE "USERS"  ENABLE;
--------------------------------------------------------
--  Constraints for Table TYP_MATERIALU
--------------------------------------------------------

  ALTER TABLE "SUROVIAK3"."TYP_MATERIALU" ADD CONSTRAINT "KEY12" PRIMARY KEY ("ID_TYPU_MATERIALU")
  USING INDEX PCTFREE 10 INITRANS 2 MAXTRANS 255 COMPUTE STATISTICS 
  STORAGE(INITIAL 65536 NEXT 1048576 MINEXTENTS 1 MAXEXTENTS 2147483645
  PCTINCREASE 0 FREELISTS 1 FREELIST GROUPS 1 BUFFER_POOL DEFAULT FLASH_CACHE DEFAULT CELL_FLASH_CACHE DEFAULT)
  TABLESPACE "USERS"  ENABLE;
 
  ALTER TABLE "SUROVIAK3"."TYP_MATERIALU" MODIFY ("ID_TYPU_MATERIALU" NOT NULL ENABLE);
 
  ALTER TABLE "SUROVIAK3"."TYP_MATERIALU" MODIFY ("JE_SPOTREBNY" NOT NULL ENABLE);
 
  ALTER TABLE "SUROVIAK3"."TYP_MATERIALU" ADD CHECK (je_spotrebny IN('1','0')) ENABLE;
 
  ALTER TABLE "SUROVIAK3"."TYP_MATERIALU" MODIFY ("POPIS" NOT NULL ENABLE);
 
  ALTER TABLE "SUROVIAK3"."TYP_MATERIALU" ADD UNIQUE ("POPIS")
  USING INDEX PCTFREE 10 INITRANS 2 MAXTRANS 255 COMPUTE STATISTICS 
  STORAGE(INITIAL 65536 NEXT 1048576 MINEXTENTS 1 MAXEXTENTS 2147483645
  PCTINCREASE 0 FREELISTS 1 FREELIST GROUPS 1 BUFFER_POOL DEFAULT FLASH_CACHE DEFAULT CELL_FLASH_CACHE DEFAULT)
  TABLESPACE "USERS"  ENABLE;
--------------------------------------------------------
--  Constraints for Table TYP_ODDELENIA
--------------------------------------------------------

  ALTER TABLE "SUROVIAK3"."TYP_ODDELENIA" ADD CONSTRAINT "KEY1" PRIMARY KEY ("ID_TYPU_ODD")
  USING INDEX PCTFREE 10 INITRANS 2 MAXTRANS 255 COMPUTE STATISTICS 
  STORAGE(INITIAL 65536 NEXT 1048576 MINEXTENTS 1 MAXEXTENTS 2147483645
  PCTINCREASE 0 FREELISTS 1 FREELIST GROUPS 1 BUFFER_POOL DEFAULT FLASH_CACHE DEFAULT CELL_FLASH_CACHE DEFAULT)
  TABLESPACE "USERS"  ENABLE;
 
  ALTER TABLE "SUROVIAK3"."TYP_ODDELENIA" MODIFY ("ID_TYPU_ODD" NOT NULL ENABLE);
 
  ALTER TABLE "SUROVIAK3"."TYP_ODDELENIA" MODIFY ("POPIS" NOT NULL ENABLE);
 
  ALTER TABLE "SUROVIAK3"."TYP_ODDELENIA" ADD UNIQUE ("POPIS")
  USING INDEX PCTFREE 10 INITRANS 2 MAXTRANS 255 COMPUTE STATISTICS 
  STORAGE(INITIAL 65536 NEXT 1048576 MINEXTENTS 1 MAXEXTENTS 2147483645
  PCTINCREASE 0 FREELISTS 1 FREELIST GROUPS 1 BUFFER_POOL DEFAULT FLASH_CACHE DEFAULT CELL_FLASH_CACHE DEFAULT)
  TABLESPACE "USERS"  ENABLE;
--------------------------------------------------------
--  Constraints for Table TYP_PRACOVNIKA
--------------------------------------------------------

  ALTER TABLE "SUROVIAK3"."TYP_PRACOVNIKA" ADD CONSTRAINT "KEY13" PRIMARY KEY ("ID_TYPU_PRAC")
  USING INDEX PCTFREE 10 INITRANS 2 MAXTRANS 255 COMPUTE STATISTICS 
  STORAGE(INITIAL 65536 NEXT 1048576 MINEXTENTS 1 MAXEXTENTS 2147483645
  PCTINCREASE 0 FREELISTS 1 FREELIST GROUPS 1 BUFFER_POOL DEFAULT FLASH_CACHE DEFAULT CELL_FLASH_CACHE DEFAULT)
  TABLESPACE "USERS"  ENABLE;
 
  ALTER TABLE "SUROVIAK3"."TYP_PRACOVNIKA" MODIFY ("ID_TYPU_PRAC" NOT NULL ENABLE);
 
  ALTER TABLE "SUROVIAK3"."TYP_PRACOVNIKA" MODIFY ("POPIS" NOT NULL ENABLE);
 
  ALTER TABLE "SUROVIAK3"."TYP_PRACOVNIKA" ADD UNIQUE ("POPIS")
  USING INDEX PCTFREE 10 INITRANS 2 MAXTRANS 255 COMPUTE STATISTICS 
  STORAGE(INITIAL 65536 NEXT 1048576 MINEXTENTS 1 MAXEXTENTS 2147483645
  PCTINCREASE 0 FREELISTS 1 FREELIST GROUPS 1 BUFFER_POOL DEFAULT FLASH_CACHE DEFAULT CELL_FLASH_CACHE DEFAULT)
  TABLESPACE "USERS"  ENABLE;
--------------------------------------------------------
--  Constraints for Table ZODPOVEDNOST
--------------------------------------------------------

  ALTER TABLE "SUROVIAK3"."ZODPOVEDNOST" ADD CONSTRAINT "KEY7" PRIMARY KEY ("OSOBNE_CISLO", "ID_MAJETOK", "OD_KEDY")
  USING INDEX PCTFREE 10 INITRANS 2 MAXTRANS 255 COMPUTE STATISTICS 
  STORAGE(INITIAL 65536 NEXT 1048576 MINEXTENTS 1 MAXEXTENTS 2147483645
  PCTINCREASE 0 FREELISTS 1 FREELIST GROUPS 1 BUFFER_POOL DEFAULT FLASH_CACHE DEFAULT CELL_FLASH_CACHE DEFAULT)
  TABLESPACE "USERS"  ENABLE;
 
  ALTER TABLE "SUROVIAK3"."ZODPOVEDNOST" MODIFY ("OD_KEDY" NOT NULL ENABLE);
 
  ALTER TABLE "SUROVIAK3"."ZODPOVEDNOST" MODIFY ("OSOBNE_CISLO" NOT NULL ENABLE);
 
  ALTER TABLE "SUROVIAK3"."ZODPOVEDNOST" MODIFY ("ID_MAJETOK" NOT NULL ENABLE);
 
  ALTER TABLE "SUROVIAK3"."ZODPOVEDNOST" MODIFY ("DO_KEDY" NOT NULL ENABLE);
--------------------------------------------------------
--  Ref Constraints for Table AKTIVITA
--------------------------------------------------------

  ALTER TABLE "SUROVIAK3"."AKTIVITA" ADD CONSTRAINT "MA_TYP" FOREIGN KEY ("ID_TYPU_AKTIVITY")
	  REFERENCES "SUROVIAK3"."TYP_AKTIVITY" ("ID_TYPU_AKTIVITY") ENABLE;
 
  ALTER TABLE "SUROVIAK3"."AKTIVITA" ADD CONSTRAINT "RELATIONSHIP14" FOREIGN KEY ("OSOBNE_CISLO")
	  REFERENCES "SUROVIAK3"."PRACOVNIK" ("OSOBNE_CISLO") ENABLE;
 
  ALTER TABLE "SUROVIAK3"."AKTIVITA" ADD CONSTRAINT "SA_VYKONALA_NA" FOREIGN KEY ("ID_MAJETOK")
	  REFERENCES "SUROVIAK3"."MAJETOK" ("ID_MAJETOK") ENABLE;
 
  ALTER TABLE "SUROVIAK3"."AKTIVITA" ADD FOREIGN KEY ("ID_MATERIALU")
	  REFERENCES "SUROVIAK3"."MATERIAL_NA_AKTIVITU" ("ID_MATERIALU") ENABLE;
--------------------------------------------------------
--  Ref Constraints for Table HISTORIA_MATERIALU
--------------------------------------------------------

  ALTER TABLE "SUROVIAK3"."HISTORIA_MATERIALU" ADD CONSTRAINT "MA_HISTORIU" FOREIGN KEY ("ID_MATERIALU")
	  REFERENCES "SUROVIAK3"."MATERIAL_NA_AKTIVITU" ("ID_MATERIALU") ENABLE;
--------------------------------------------------------
--  Ref Constraints for Table INFOTLACIAREN
--------------------------------------------------------

  ALTER TABLE "SUROVIAK3"."INFOTLACIAREN" ADD FOREIGN KEY ("ID_MAJETOK")
	  REFERENCES "SUROVIAK3"."MAJETOK" ("ID_MAJETOK") ENABLE;
--------------------------------------------------------
--  Ref Constraints for Table MAJETOK
--------------------------------------------------------

  ALTER TABLE "SUROVIAK3"."MAJETOK" ADD CONSTRAINT "MA" FOREIGN KEY ("ID_ODDELENIA")
	  REFERENCES "SUROVIAK3"."ODDELENIE" ("ID_ODDELENIA") ENABLE;
 
  ALTER TABLE "SUROVIAK3"."MAJETOK" ADD FOREIGN KEY ("ID_TYPU_MAJETKU")
	  REFERENCES "SUROVIAK3"."TYP_MAJETKU" ("ID_TYPU_MAJETKU") ENABLE;
--------------------------------------------------------
--  Ref Constraints for Table MATERIAL_NA_AKTIVITU
--------------------------------------------------------

  ALTER TABLE "SUROVIAK3"."MATERIAL_NA_AKTIVITU" ADD CONSTRAINT "NAKUPILO_ODDELENIE" FOREIGN KEY ("ID_ODDELENIA")
	  REFERENCES "SUROVIAK3"."ODDELENIE" ("ID_ODDELENIA") ENABLE;
 
  ALTER TABLE "SUROVIAK3"."MATERIAL_NA_AKTIVITU" ADD CONSTRAINT "TYP" FOREIGN KEY ("ID_TYPU_MATERIALU")
	  REFERENCES "SUROVIAK3"."TYP_MATERIALU" ("ID_TYPU_MATERIALU") ENABLE;
--------------------------------------------------------
--  Ref Constraints for Table NACHADZA_SA
--------------------------------------------------------

  ALTER TABLE "SUROVIAK3"."NACHADZA_SA" ADD CONSTRAINT "FK_OTEC" FOREIGN KEY ("ID_ODDELENIA")
	  REFERENCES "SUROVIAK3"."ODDELENIE" ("ID_ODDELENIA") ENABLE;
 
  ALTER TABLE "SUROVIAK3"."NACHADZA_SA" ADD CONSTRAINT "FK_SYN" FOREIGN KEY ("ID_ODDELENIA_SYN")
	  REFERENCES "SUROVIAK3"."ODDELENIE" ("ID_ODDELENIA") ENABLE;
--------------------------------------------------------
--  Ref Constraints for Table ODDELENIE
--------------------------------------------------------

  ALTER TABLE "SUROVIAK3"."ODDELENIE" ADD CONSTRAINT "JE_TYP" FOREIGN KEY ("ID_TYPU_ODD")
	  REFERENCES "SUROVIAK3"."TYP_ODDELENIA" ("ID_TYPU_ODD") ENABLE;
--------------------------------------------------------
--  Ref Constraints for Table PRACOVNIK
--------------------------------------------------------

  ALTER TABLE "SUROVIAK3"."PRACOVNIK" ADD CONSTRAINT "FK_PRAC_OS" FOREIGN KEY ("RODNE_CISLO")
	  REFERENCES "SUROVIAK3"."OSOBY" ("RODNE_CISLO") ENABLE;
 
  ALTER TABLE "SUROVIAK3"."PRACOVNIK" ADD CONSTRAINT "JE_TYPU" FOREIGN KEY ("ID_TYPU_PRAC")
	  REFERENCES "SUROVIAK3"."TYP_PRACOVNIKA" ("ID_TYPU_PRAC") ENABLE;
--------------------------------------------------------
--  Ref Constraints for Table PREDMET_BOD
--------------------------------------------------------

  ALTER TABLE "SUROVIAK3"."PREDMET_BOD" ADD FOREIGN KEY ("GARANT")
	  REFERENCES "SUROVIAK3"."UCITEL" ("OS_CISLO") ENABLE;
 
  ALTER TABLE "SUROVIAK3"."PREDMET_BOD" ADD FOREIGN KEY ("CIS_PREDM")
	  REFERENCES "SUROVIAK3"."PREDMET" ("CIS_PREDM") ENABLE;
--------------------------------------------------------
--  Ref Constraints for Table ZODPOVEDNOST
--------------------------------------------------------

  ALTER TABLE "SUROVIAK3"."ZODPOVEDNOST" ADD CONSTRAINT "MA_ZODPOVEDNOST" FOREIGN KEY ("OSOBNE_CISLO")
	  REFERENCES "SUROVIAK3"."PRACOVNIK" ("OSOBNE_CISLO") ENABLE;
 
  ALTER TABLE "SUROVIAK3"."ZODPOVEDNOST" ADD CONSTRAINT "ZODPOVEDNY_ZA" FOREIGN KEY ("ID_MAJETOK")
	  REFERENCES "SUROVIAK3"."MAJETOK" ("ID_MAJETOK") ENABLE;
--------------------------------------------------------
--  DDL for Trigger MAJ_ID_INCR_TRIGGER
--------------------------------------------------------

  CREATE OR REPLACE TRIGGER "SUROVIAK3"."MAJ_ID_INCR_TRIGGER" 
before insert on majetok
for each row
   begin
     select maj_seq.nextval into :new.id_majetok from dual;
   end;
/
ALTER TRIGGER "SUROVIAK3"."MAJ_ID_INCR_TRIGGER" ENABLE;
--------------------------------------------------------
--  DDL for Trigger MAT_ID_INCR_TRIGGER
--------------------------------------------------------

  CREATE OR REPLACE TRIGGER "SUROVIAK3"."MAT_ID_INCR_TRIGGER" 
before insert on material_na_aktivitu
for each row
   begin
     select mat_seq.nextval into :new.id_materialu from dual;
   end;
/
ALTER TRIGGER "SUROVIAK3"."MAT_ID_INCR_TRIGGER" ENABLE;
--------------------------------------------------------
--  DDL for Trigger MOZEM_VLOZIT_AKTIVITU
--------------------------------------------------------

  CREATE OR REPLACE TRIGGER "SUROVIAK3"."MOZEM_VLOZIT_AKTIVITU" 
BEFORE INSERT ON aktivita
FOR EACH ROW
declare 
  akt_minute integer;
  pocet_mat integer;
  pocet_akt integer;
  pocet_m integer;
begin
  select count(*) into pocet_akt from aktivita where id_materialu = :new.id_materialu;
  select count(*) into pocet_m from material_na_aktivitu where id_materialu = :new.id_materialu;
  if(pocet_akt = 0) then
      akt_minute:=0;
  else
      SELECT sum(pocet_materialu) into akt_minute from aktivita where id_materialu = :new.id_materialu group by id_materialu;   
  end if;
  
  if(pocet_m = 0) then
    pocet_mat := 0;
  else
    select pocet into pocet_mat from material_na_aktivitu where id_materialu = :new.id_materialu;
  end if;
  
  if( (akt_minute + :new.pocet_materialu) > pocet_mat) then
      RAISE_APPLICATION_ERROR(-20001,'NEDOSTATOK MATERIALU');
  end if;
end;
/
ALTER TRIGGER "SUROVIAK3"."MOZEM_VLOZIT_AKTIVITU" ENABLE;
--------------------------------------------------------
--  DDL for Trigger ODD_ID_INCR_TRIGGER
--------------------------------------------------------

  CREATE OR REPLACE TRIGGER "SUROVIAK3"."ODD_ID_INCR_TRIGGER" 
before insert on oddelenie
for each row
   begin
     select odd_seq.nextval into :new.id_oddelenia from dual;
   end;
/
ALTER TRIGGER "SUROVIAK3"."ODD_ID_INCR_TRIGGER" ENABLE;
--------------------------------------------------------
--  DDL for Trigger VYTLACENE_STRANY
--------------------------------------------------------

  CREATE OR REPLACE TRIGGER "SUROVIAK3"."VYTLACENE_STRANY" 
AFTER INSERT ON aktivita
FOR EACH ROW
declare 
  pom integer;
begin
if (:new.id_typu_aktivity = 6) then
   SELECT EXTRACTVALUE(o.info,'//vytlacene') INTO pom FROM infoTlaciaren o
   WHERE o.id_majetok = :new.id_majetok;
   
   UPDATE infoTlaciaren o
   SET o.info = UPDATEXML(o.info,'//vytlacene/text()', pom + :new.pocet_materialu)
   WHERE o.id_majetok = :new.id_majetok;
end if;
end;
/
ALTER TRIGGER "SUROVIAK3"."VYTLACENE_STRANY" ENABLE;
--------------------------------------------------------
--  DDL for Function AKTUALNA_CENA
--------------------------------------------------------

  CREATE OR REPLACE FUNCTION "SUROVIAK3"."AKTUALNA_CENA" (p_datum_nakupu majetok.datum_nakupu%type, p_zivotnost majetok.zivotnost%type, p_nakupna_cena majetok.nakupna_cena%type) return NUMBER
IS 
BEGIN
  IF (sysdate-p_datum_nakupu) > p_zivotnost 
    then return 0;
  else return ((1-((sysdate-p_datum_nakupu)/p_zivotnost))*p_nakupna_cena);
  end if;
end;

/
--------------------------------------------------------
--  DDL for Function VYTLACENE_STRANY
--------------------------------------------------------

  CREATE OR REPLACE FUNCTION "SUROVIAK3"."VYTLACENE_STRANY" (p_id_majetok integer,p_od date, p_do date) return integer IS
pom integer;
begin
    SELECT SUM(pocet_materialu) INTO pom
    FROM aktivita JOIN typ_aktivity USING(id_typu_aktivity)
    WHERE id_majetok = p_id_majetok AND
    cas_uskutocnenia BETWEEN p_od AND p_do AND
    typ_aktivity.popis like 'tlac';
    return pom;
end;

/
--------------------------------------------------------
--  DDL for Function SPRAV_DATUM
--------------------------------------------------------

  CREATE OR REPLACE FUNCTION "SUROVIAK3"."SPRAV_DATUM" (datum varchar2) return date
is 
begin
  return to_date(to_char(to_date(datum, 'DD.MM.YYYY'), 'DD.MM.YYYY'), 'DD.MM.YYYY');
end;

/
--------------------------------------------------------
--  DDL for Function SPRAV_DATUM_Z_TIMESTAMPU
--------------------------------------------------------

  CREATE OR REPLACE FUNCTION "SUROVIAK3"."SPRAV_DATUM_Z_TIMESTAMPU" (datum timestamp) return date
is 
begin
  return to_date(to_char(to_date(to_char(datum, 'DD.MM.YYYY'), 'DD.MM.YYYY'), 'DD.MM.YYYY'), 'DD.MM.YYYY');
end;

/
--------------------------------------------------------
--  DDL for Package PACKAGE_SUROVIAK
--------------------------------------------------------

  CREATE OR REPLACE PACKAGE "SUROVIAK3"."PACKAGE_SUROVIAK" AS
empty_arr owa_util.ident_arr;
procedure zobraz_form;
procedure spracuj_form(p_oc student.os_cislo%TYPE,p_meno OS_UDAJE.meno%TYPE,p_priezv OS_UDAJE.priezvisko%TYPE,p_akcia VARCHAR2,p_strana Integer);
procedure zobraz_form_insert;
procedure vloz_student(p_rc OS_UDAJE.rod_cislo%TYPE,p_meno OS_UDAJE.meno%TYPE,p_priezv OS_UDAJE.priezvisko%TYPE,p_skupina STUDENT.st_skupina%TYPE,p_rocnik STUDENT.rocnik%TYPE,p_odb Varchar2);
procedure delete_student(oc owa_util.ident_arr default empty_arr);

procedure vyber_z_obrazkov;
procedure download_blob(meno varchar2) ;
procedure obrazok(meno varchar2);

END PACKAGE_SUROVIAK;
--GRANT EXECUTE ON PACKAGE_SUROVIAK TO oraweb;
--p_rc OS_UDAJE.rod_cislo%TYPE,p_meno OS_UDAJE.meno%TYPE,p_priezv OS_UDAJE.priezvisko%TYPE,p_skupina STUDENT.st_skupina%TYPE,p_rocnik STUDENT.rocnik%TYPE,p_odb STUDENT.st_odbor%TYPE

/
--------------------------------------------------------
--  DDL for Package TYPES
--------------------------------------------------------

  CREATE OR REPLACE PACKAGE "SUROVIAK3"."TYPES" 
AS
    TYPE ref_cursor IS REF CURSOR;
END;

/
--------------------------------------------------------
--  DDL for Package Body PACKAGE_SUROVIAK
--------------------------------------------------------

  CREATE OR REPLACE PACKAGE BODY "SUROVIAK3"."PACKAGE_SUROVIAK" as
procedure zobraz_form IS
begin
HTP.P('<FORM METHOD=POST ACTION=suroviak3.PACKAGE_SUROVIAK.spracuj_form>');
HTP.P('<TABLE>');
HTP.P('<TR>');
HTP.P(' <TD> Os. cislo:</TD> ');
HTP.P(' <TD> <INPUT TYPE=EDIT NAME=p_oc ></TD> ');
HTP.P('</TR><TR>');
HTP.P(' <TD> Meno:</TD> ');
HTP.P(' <TD> <INPUT TYPE=EDIT NAME=p_meno></TD> ');
HTP.P('</TR><TR>');
HTP.P(' <TD> Priezvisko:</TD> ');
HTP.P(' <TD> <INPUT TYPE=EDIT NAME=p_priezv></TD> ');
HTP.P('</TR><TR>');
HTP.P(' <TD COLSPAN=2 align=center> ');
HTP.P('<INPUT TYPE=HIDDEN VALUE=0 NAME=p_strana>');
HTP.P('<TD><INPUT TYPE=SUBMIT VALUE="Hladaj" name=p_akcia></TD> ');
HTP.P('</TR>');
HTP.P('</TABLE>');
HTP.P('</FORM>');
HTP.P('<FORM METHOD=POST ACTION=suroviak3.PACKAGE_SUROVIAK.zobraz_form_insert>');
HTP.P('  <INPUT TYPE=SUBMIT VALUE="Vloz"> ');
HTP.P('</FORM>');
end zobraz_form;

procedure spracuj_form(p_oc student.os_cislo%TYPE,p_meno OS_UDAJE.meno%TYPE,p_priezv OS_UDAJE.priezvisko%TYPE,p_akcia VARCHAR2,p_strana Integer) IS
posl_os VARCHAR2(20);
dalsiaStrana Integer;
BEGIN
dalsiaStrana:=p_strana;
if(p_akcia='Dalsia') then
    dalsiaStrana:=dalsiaStrana+1;
    HTP.P(dalsiaStrana);
else if(p_akcia='Predchadzajuca') then
    dalsiaStrana:=dalsiaStrana-1;
    HTP.P(dalsiaStrana);
end if;
end if;
    HTP.P('<FORM METHOD=POST ACTION=suroviak3.PACKAGE_SUROVIAK.delete_student>');
    HTP.P('<TABLE border="1">');
    HTP.P('<TR>');
    HTP.P(' <TD> Os. cislo</TD> ');
    HTP.P(' <TD> Meno</TD> ');
    HTP.P(' <TD> Priezvisko</TD> ');
    HTP.P(' <TD> St_skupina</TD> ');
    HTP.P(' <TD> Stav</TD> ');
    HTP.P(' <TD> Popis</TD> ');
    HTP.P(' <TD> Kontakt</TD> ');
    HTP.P('</TR>');
    HTP.P('<TR>'||p_strana||' '||dalsiaStrana||'</TR>');
    for rec IN(select * from(select os_cislo,meno,priezvisko,st_skupina,decode(stav,'S','student','E','vyhodeny','V','vyhodeny','P','preruseny','K','ukonceny','neurceny') as stav,
                          popis,kontakt,row_number() OVER (ORDER BY os_cislo) as rn
                         FROM os_udaje join student using(rod_cislo)
                         LEFT JOIN KONTAKTY USING(rod_cislo)
                         WHERE os_cislo like p_oc||'%'
                         AND meno like p_meno||'%'
                         AND priezvisko like p_priezv||'%')
              WHERE rn BETWEEN case WHEN p_strana<dalsiaStrana THEN 3*p_strana+1 end
                               AND case WHEN p_strana<dalsiaStrana THEN 3*dalsiaStrana end
              OR    rn BETWEEN case WHEN p_strana>dalsiaStrana THEN 3*dalsiaStrana+1 end
                               AND case WHEN p_strana>dalsiaStrana THEN 3*p_Strana end)      
    LOOP
    HTP.P('<TR>');
    if(posl_os is null OR posl_os != rec.os_cislo)
    then
        HTP.P(' <TD>'||rec.os_cislo||'</TD> ');
        HTP.P(' <TD>'||rec.meno||'</TD> ');
        HTP.P(' <TD>'||rec.priezvisko||'</TD> ');
        HTP.P(' <TD>'||rec.st_skupina||'</TD> ');
        HTP.P(' <TD>'||rec.stav||'</TD> ');
    else
        HTP.P(' <TD></TD> ');
        HTP.P(' <TD></TD> ');
        HTP.P(' <TD></TD> ');
        HTP.P(' <TD></TD> ');
        HTP.P(' <TD></TD> ');
    end if;
    
        HTP.P(' <TD>'||rec.popis||'</TD> ');
        HTP.P(' <TD>'||rec.kontakt||'</TD> ');
        HTP.P('<TD> <input type="checkbox" name="oc" value='||rec.os_cislo||'>');
        HTP.P('</TR>');
    posl_os:=rec.os_cislo;
    END LOOP;
    HTP.P('</TABLE>');
    HTP.P('<input type="submit" value="Odstran">');
HTP.P('</FORM>');
HTP.P('<FORM METHOD=POST ACTION=suroviak3.PACKAGE_SUROVIAK.spracuj_form>');
    HTP.P('<INPUT TYPE="hidden" VALUE="'||p_oc||'" NAME=p_oc >');
    HTP.P('<INPUT TYPE="hidden" VALUE="'||p_meno||'" NAME=p_meno >');
    HTP.P('<INPUT TYPE="hidden" VALUE="'||p_priezv||'" NAME=p_priezv >');
     HTP.P('<INPUT TYPE=HIDDEN VALUE="'||dalsiaStrana||'" NAME=p_strana>');
    HTP.P('<input type="submit" value="Predchadzajuca" name=p_akcia>');
    HTP.P('<input type="submit" value="Dalsia" name=p_akcia>');
HTP.P('</FORM>');
END spracuj_form;

procedure zobraz_form_insert is
cursor cur1 is
select st_odbor||','||st_zameranie as cislo,
popis_odboru||' / '||popis_zamerania as popis
from st_odbory
order by st_odbor, st_zameranie;
begin
HTP.P('<FORM METHOD=POST ACTION=suroviak3.PACKAGE_SUROVIAK.vloz_student>');
HTP.P('<TABLE>'); HTP.P(' <TR>');
HTP.P(' <TH>Rodne cislo:</TH>');
HTP.P(' <TD><INPUT TYPE=EDIT NAME="p_rc">');
HTP.P(' </TD>');
HTP.P(' </TR>');
HTP.P(' <TR>');
HTP.P(' <TH>Meno:</TH>');
HTP.P(' <TD><INPUT TYPE=EDIT NAME="p_meno"></TD>');
HTP.P(' </TR>'); HTP.P(' <TR>');
HTP.P(' <TH>Priezvisko:</TH>');
HTP.P(' <TD><INPUT TYPE=EDIT NAME="p_priezv"></TD>');
HTP.P(' </TR>');
HTP.P(' <TR>');
HTP.P(' <TH>St. skupina</TH>');
HTP.P(' <TD><INPUT TYPE=EDIT NAME="p_skupina"></TD>');
HTP.P(' </TR>');
HTP.P(' <TR>');
HTP.P(' <TH>Rocnik</TH>');
HTP.P(' <TD><INPUT TYPE=EDIT NAME="p_rocnik"></TD>');
HTP.P(' </TR>'); HTP.P(' <TR>');
HTP.P(' <TH>Odbor / Zameranie</TH>');
HTP.P(' <TD><SELECT NAME="p_odb">');
for odb IN cur1 LOOP
HTP.P('<OPTION VALUE="'||odb.cislo||'">'||odb.popis);
HTP.P('</OPTION>');
END LOOP;
HTP.P(' </SELECT></TD>');
HTP.P(' </TR>');
HTP.P(' <TR>');
HTP.P(' <TD colspan=2 align=center><INPUT TYPE=SUBMIT VALUE="Vloz"></TD>');
HTP.P(' </TR>');
HTP.P('</TABLE>');
HTP.P('</FORM>');
end zobraz_form_insert;

procedure vloz_student(p_rc OS_UDAJE.rod_cislo%TYPE,p_meno OS_UDAJE.meno%TYPE,p_priezv OS_UDAJE.priezvisko%TYPE,p_skupina STUDENT.st_skupina%TYPE,p_rocnik STUDENT.rocnik%TYPE,p_odb Varchar2)
IS
st_odbor Varchar2(100);
st_zam Varchar2(10);
insertStud  Varchar2(200);
maxOSCislo Integer;
BEGIN
INSERT INTO os_udaje (rod_cislo,meno,priezvisko) values(p_rc,p_meno,p_priezv);
SELECT MAX(os_cislo)+1 into maxOSCislo from student;
st_odbor:=substr(p_odb,1,instr(p_odb,',')-1);
st_zam:=substr(p_odb,instr(p_odb,',')+1,length(p_odb));
HTP.P(st_odbor);
HTP.P(st_zam);
HTP.P(maxOSCIslo);
maxOSCislo:=maxOSCislo+1;
--insertStud:= 'Insert into student VALUES('''|| maxOSCislo || ''',''' || st_odbor|| ''',''' ||st_zam|| ''','''|| p_rc|| ''','''|| p_rocnik|| ''','''|| p_skupina || ''','''|| null ||''','''|| null ||''','''|| null ||''')';

insertStud:='INSERT INTO STUDENT (os_cislo,st_odbor,st_zameranie,rod_cislo,rocnik,st_skupina)';
insertStud:=insertStud||'VALUES('||maxOSCislo||','||st_odbor||','||st_zam||','''||p_rc||''','''||p_rocnik||''','''||p_skupina||''')';
HTP.P(insertStud);
EXECUTE IMMEDIATE (insertStud);
END vloz_student;

procedure delete_student(oc owa_util.ident_arr) is
i integer;
cur PLS_INTEGER:=DBMS_SQL.OPEN_CURSOR;
returnValue PLS_INTEGER;
begin
for i in oc.first..oc.last LOOP
DBMS_SQL.PARSE(cur,'DELETE FROM STUDENT WHERE os_cislo=:os_c',DBMS_SQL.NATIVE);
DBMS_SQL.BIND_VARIABLE(cur,':os_c',oc(i));
returnValue:=DBMS_SQL.EXECUTE (cur);
END LOOP;
DBMS_SQL.CLOSE_CURSOR(cur);
end delete_student;

procedure vyber_z_obrazkov is
begin
  HTP.P('<HTML>');
  HTP.P('
    <head>
      <style>
        a:hover {color: red;}
        a {text-decoration: none;}
      </style>
    </head>
  ');
  HTP.P('<H1 style="text-align: center">Obr�zky na v�ber</H1>');
  
  HTP.P('<DIV style="
    width: 50%;
    height: 50%;
    margin: 0 auto;
    position: relative;
    text-align: center;">');
  for rec in (select nazov, id from blob_table)
  loop
    HTP.P(' <a target="_blank"  style="font-size: 20px; :hover {color: blue;}" href="http://asterix.fri.uniza.sk:7777/DAD_DBS_priklad/suroviak3.Package_suroviak.obrazok?meno=' || rec.nazov || '">' || rec.nazov || '</a><BR />');
  end loop;
  HTP.P('</DIV>');
  HTP.P('</HTML>');
end vyber_z_obrazkov;

procedure obrazok(meno varchar2) is
begin 
  htp.p('<img src="http://asterix.fri.uniza.sk:7777/DAD_DBS_priklad/suroviak3.Package_suroviak.download_blob?meno=' || meno || '"><br>');
end;

PROCEDURE download_blob(meno varchar2) 
IS
  myblob BLOB;
  mimetype VARCHAR2(128):= 'IMAGE/JPEG';
BEGIN
  SELECT subor, adresar INTO myblob, mimetype
    FROM blob_table
    WHERE nazov = meno;

  owa_util.mime_header(mimetype, FALSE);
  htp.p('Content-Length: ' || dbms_lob.getlength(myblob));
  owa_util.http_header_close;
  wpg_docload.download_file(myblob);
END;

END PACKAGE_SUROVIAK;

/
--------------------------------------------------------
--  DDL for Procedure DOWNLOAD_BLOB
--------------------------------------------------------
set define off;

  CREATE OR REPLACE PROCEDURE "SUROVIAK3"."DOWNLOAD_BLOB" (meno varchar2) 
IS
  myblob BLOB;
  mimetype VARCHAR2(128):= 'IMAGE/JPEG';
BEGIN
  SELECT subor, adresar INTO myblob, mimetype
    FROM blob_table
    WHERE nazov = meno;

  owa_util.mime_header(mimetype, FALSE);
  htp.p('Content-Length: ' || dbms_lob.getlength(myblob));
  owa_util.http_header_close;
  wpg_docload.download_file(myblob);
END;

/
--------------------------------------------------------
--  DDL for Procedure GET_SPOTREBNE_TYPY_MATERIALU
--------------------------------------------------------
set define off;

  CREATE OR REPLACE PROCEDURE "SUROVIAK3"."GET_SPOTREBNE_TYPY_MATERIALU" (p_cursor OUT types.ref_cursor)AS
BEGIN
   open p_cursor for
    SELECT id_typu_materialu,popis FROM TYP_MATERIALU where je_spotrebny = '1';
END;

/
--------------------------------------------------------
--  DDL for Procedure GET_TLACIARNE
--------------------------------------------------------
set define off;

  CREATE OR REPLACE PROCEDURE "SUROVIAK3"."GET_TLACIARNE" (p_cursor OUT types.ref_cursor)AS
BEGIN
   open p_cursor for
    select id_majetok,popis from majetok join infotlaciaren using(id_majetok);
END;

/
--------------------------------------------------------
--  DDL for Procedure GET_TYP_AKTIVITY
--------------------------------------------------------
set define off;

  CREATE OR REPLACE PROCEDURE "SUROVIAK3"."GET_TYP_AKTIVITY" (p_cursor OUT types.ref_cursor)AS
BEGIN
   open p_cursor for
    SELECT * FROM TYP_AKTIVITY;
END;

/
--------------------------------------------------------
--  DDL for Procedure GET_TYP_MAJETKU
--------------------------------------------------------
set define off;

  CREATE OR REPLACE PROCEDURE "SUROVIAK3"."GET_TYP_MAJETKU" (p_cursor OUT types.ref_cursor) AS 
BEGIN
   open p_cursor for
    SELECT * FROM TYP_MAJETKU;
END;

/
--------------------------------------------------------
--  DDL for Procedure GET_TYP_MAJETKU_BEZ_TLAC
--------------------------------------------------------
set define off;

  CREATE OR REPLACE PROCEDURE "SUROVIAK3"."GET_TYP_MAJETKU_BEZ_TLAC" (p_cursor OUT types.ref_cursor) AS 
BEGIN
   open p_cursor for
    SELECT * FROM TYP_MAJETKU where popis not in('tlaciaren', 'rozmnozovacia_technika');
END;

/
--------------------------------------------------------
--  DDL for Procedure GET_TYP_MAJETKU_ROZMN
--------------------------------------------------------
set define off;

  CREATE OR REPLACE PROCEDURE "SUROVIAK3"."GET_TYP_MAJETKU_ROZMN" (p_cursor OUT types.ref_cursor) AS 
BEGIN
   open p_cursor for
    SELECT * FROM TYP_MAJETKU where popis in('tlaciaren', 'rozmnozovacia_technika');
END;

/
--------------------------------------------------------
--  DDL for Procedure GET_TYP_MATERIALU
--------------------------------------------------------
set define off;

  CREATE OR REPLACE PROCEDURE "SUROVIAK3"."GET_TYP_MATERIALU" (p_cursor OUT types.ref_cursor)AS
BEGIN
   open p_cursor for
    SELECT id_typu_materialu,popis FROM TYP_MATERIALU;
END;

/
--------------------------------------------------------
--  DDL for Procedure GET_TYP_ODDELENIA
--------------------------------------------------------
set define off;

  CREATE OR REPLACE PROCEDURE "SUROVIAK3"."GET_TYP_ODDELENIA" (p_cursor OUT types.ref_cursor) AS 
BEGIN
   open p_cursor for
    SELECT * FROM TYP_ODDELENIA;
END;

/
--------------------------------------------------------
--  DDL for Procedure GET_TYP_PRACOVNIKA
--------------------------------------------------------
set define off;

  CREATE OR REPLACE PROCEDURE "SUROVIAK3"."GET_TYP_PRACOVNIKA" (p_cursor OUT types.ref_cursor)AS
BEGIN
   open p_cursor for
    SELECT * FROM TYP_PRACOVNIKA;
END;

/
--------------------------------------------------------
--  DDL for Procedure INSERT_AKTIVITA
--------------------------------------------------------
set define off;

  CREATE OR REPLACE PROCEDURE "SUROVIAK3"."INSERT_AKTIVITA" (
cas_uskutocnenia varchar2,
osobne_cislo integer,
id_typu_aktivity integer,
id_materialu integer,
id_majetok integer,
cena number,
popis varchar2,
pocet_materialu integer,
trvanie_aktivity integer
) as
begin
  insert into aktivita
  values(to_date(cas_uskutocnenia,'DD.MM.YYYY'),osobne_cislo,id_typu_aktivity,id_materialu,id_majetok,cena,popis,pocet_materialu,trvanie_aktivity);
end;

/
--------------------------------------------------------
--  DDL for Procedure INSERT_MAJETOK
--------------------------------------------------------
set define off;

  CREATE OR REPLACE PROCEDURE "SUROVIAK3"."INSERT_MAJETOK" (
id_oddelenia integer, 
nakupna_cena number,
datum_nakupu varchar2,
zivotnost number,
zaruka number,
servisne_obdobie number,
id_typu_majetku number,
popis Varchar2
) as
begin
  insert into majetok(id_oddelenia,nakupna_cena,datum_nakupu,zivotnost,zaruka,sevisne_obdobie,id_typu_majetku,popis) 
  values(id_oddelenia,nakupna_cena,to_date(datum_nakupu,'DD.MM.YYYY'),zivotnost,zaruka,servisne_obdobie,id_typu_majetku,popis);
end;

/
--------------------------------------------------------
--  DDL for Procedure INSERT_MATERIAL
--------------------------------------------------------
set define off;

  CREATE OR REPLACE PROCEDURE "SUROVIAK3"."INSERT_MATERIAL" (
id_oddelenia integer,
id_typu_materialu integer,
nakupna_cena number,
pocet integer
) as
begin
  insert into material_na_aktivitu values(null,id_oddelenia,id_typu_materialu,nakupna_cena,pocet);
end;

/
--------------------------------------------------------
--  DDL for Procedure INSERT_OSOBY
--------------------------------------------------------
set define off;

  CREATE OR REPLACE PROCEDURE "SUROVIAK3"."INSERT_OSOBY" (pa_rc osoby.rodne_cislo%type, meno Varchar2, priezvisko Varchar2) as
begin
  insert into osoby values(Person(pa_rc,meno,priezvisko));
end;

/
--------------------------------------------------------
--  DDL for Procedure INSERT_PRACOVNIK
--------------------------------------------------------
set define off;

  CREATE OR REPLACE PROCEDURE "SUROVIAK3"."INSERT_PRACOVNIK" (id_typu_prac Integer,rodne_cislo osoby.rodne_cislo%TYPE) as
begin
  insert into pracovnik values((SELECT MAX(osobne_cislo)+1 FROM pracovnik),id_typu_prac,rodne_cislo);
end;

/
--------------------------------------------------------
--  DDL for Procedure INSERT_TLACIAREN
--------------------------------------------------------
set define off;

  CREATE OR REPLACE PROCEDURE "SUROVIAK3"."INSERT_TLACIAREN" (
id_oddelenia integer, 
nakupna_cena number,
datum_nakupu varchar2,
zivotnost number,
zaruka number,
servisne_obdobie number,
id_typu_majetku number,
popis Varchar2,
typ varchar2,
pamodel varchar2
) as
begin
 insert into majetok(id_majetok,id_oddelenia,nakupna_cena,datum_nakupu,zivotnost,zaruka,sevisne_obdobie,id_typu_majetku,popis) 
  values((SELECT MAX(id_majetok)+1 FROM majetok),id_oddelenia,nakupna_cena,to_date(datum_nakupu,'DD.MM.YYYY'),zivotnost,zaruka,servisne_obdobie,id_typu_majetku,popis);
  insert into infotlaciaren values((SELECT MAX(id_majetok) FROM majetok),xmltype('<info><typ>'||typ||'</typ><vytlacene>0</vytlacene><model>'||pamodel||'</model></info>'));
end;

/
--------------------------------------------------------
--  DDL for Procedure INSERT_TYP_AKTIVITY
--------------------------------------------------------
set define off;

  CREATE OR REPLACE PROCEDURE "SUROVIAK3"."INSERT_TYP_AKTIVITY" (pa_popis Varchar2) as
begin
  insert into typ_aktivity values((select MAX(typ_aktivity.ID_TYPU_AKTIVITY)+1 from typ_aktivity), pa_popis);
end;

/
--------------------------------------------------------
--  DDL for Procedure INSERT_TYP_MAJETOK
--------------------------------------------------------
set define off;

  CREATE OR REPLACE PROCEDURE "SUROVIAK3"."INSERT_TYP_MAJETOK" (pa_popis Varchar2) as
begin
  insert into typ_majetku values((select MAX(id_typu_majetku)+1 from Typ_majetku), pa_popis);
end;

/
--------------------------------------------------------
--  DDL for Procedure INSERT_TYP_MATERIALU
--------------------------------------------------------
set define off;

  CREATE OR REPLACE PROCEDURE "SUROVIAK3"."INSERT_TYP_MATERIALU" (pa_popis Varchar2,jeSpotrebny Varchar2) as
begin
  insert into typ_materialu values((select MAX(id_typu_materialu)+1 from typ_materialu),pa_popis,jeSpotrebny);
end;

/
--------------------------------------------------------
--  DDL for Procedure INSERT_TYP_ODDELENIA
--------------------------------------------------------
set define off;

  CREATE OR REPLACE PROCEDURE "SUROVIAK3"."INSERT_TYP_ODDELENIA" (pa_popis Varchar2) as
begin
  insert into typ_oddelenia values((select MAX(id_typu_odd)+1 from Typ_oddelenia), pa_popis);
end;

/
--------------------------------------------------------
--  DDL for Procedure INSERT_TYP_PRACOVNIKA
--------------------------------------------------------
set define off;

  CREATE OR REPLACE PROCEDURE "SUROVIAK3"."INSERT_TYP_PRACOVNIKA" (pa_popis Varchar2) as
begin
  insert into typ_pracovnika values((select MAX(id_typu_prac)+1 from Typ_pracovnika), pa_popis);
end;

/
--------------------------------------------------------
--  DDL for Procedure INSERT_ZODPOVEDNOST
--------------------------------------------------------
set define off;

  CREATE OR REPLACE PROCEDURE "SUROVIAK3"."INSERT_ZODPOVEDNOST" (od_kedy Varchar2, osobne_cislo integer, id_majetok Integer, do_kedy Varchar2) as
begin
  insert into zodpovednost values(to_date(od_kedy,'DD.MM.YYYY'), osobne_cislo, id_majetok, to_date(do_kedy,'DD.MM.YYYY'));
end;

/
--------------------------------------------------------
--  DDL for Procedure ODSTRAN_VSETKY_KONTAKTY_OSOBE
--------------------------------------------------------
set define off;

  CREATE OR REPLACE PROCEDURE "SUROVIAK3"."ODSTRAN_VSETKY_KONTAKTY_OSOBE" (pa_rc Varchar2)AS
osa person;
begin
  select value(p) into osa from osoby p where p.rodne_cislo = pa_rc;
  
  update osoby 
  set kontakty = pole_kontaktov()
  WHERE rodne_cislo = pa_rc;
end;

/
--------------------------------------------------------
--  DDL for Procedure OP1_ZOBRAZ_AKTUAL_MAJETOK
--------------------------------------------------------
set define off;

  CREATE OR REPLACE PROCEDURE "SUROVIAK3"."OP1_ZOBRAZ_AKTUAL_MAJETOK" (p_cursor OUT types.ref_cursor,
                                                      pa_id_typ_oddelenia Varchar2,
                                                      pa_id_typ_majetku Varchar2,
                                                      pa_datum_nak_od Varchar2,
                                                      pa_datum_nak_do Varchar2,
                                                      pa_akt_cena_od Varchar2,
                                                      pa_akt_cena_do VARCHAR2) AS 
BEGIN

    open p_cursor for 
        select od.popis as Oddelenie,od_par.popis as Patri_pod,m.popis, m.nakupna_cena, decode(m.stav_majetku,'V','vyradeny','P','poskodeny','') as STAV, m.datum_nakupu, m.zaruka, m.zivotnost
        from
        (
            select /*lpad(' ', 2*od.id_typu_odd) ||*/ od.popis, od.id_oddelenia, CONNECT_BY_ROOT(id_oddelenia) root
            from oddelenie od join typ_oddelenia td on(od.id_typu_odd = td.id_typu_odd)
            start with td.id_typu_odd = pa_id_typ_oddelenia
            connect by prior od.id_oddelenia = id_oddelenia_parent
        ) od
        join majetok  m on (od.id_oddelenia = m.id_oddelenia)
        join Oddelenie od_par on (root = od_par.id_oddelenia)
        where datum_nakupu BETWEEN to_date(pa_datum_nak_od,'DD.MM.YYYY') AND to_date(pa_datum_nak_do,'DD.MM.YYYY') AND 
                                  AKTUALNA_CENA(datum_nakupu, zivotnost, nakupna_cena) BETWEEN  to_number(pa_akt_cena_od) AND to_number(pa_akt_cena_do) and 
                                  id_typu_majetku = pa_id_typ_majetku;
END OP1_ZOBRAZ_AKTUAL_MAJETOK;

/
--------------------------------------------------------
--  DDL for Procedure OP1_ZOBRAZ_CELK__CENU_MAJETOK
--------------------------------------------------------
set define off;

  CREATE OR REPLACE PROCEDURE "SUROVIAK3"."OP1_ZOBRAZ_CELK__CENU_MAJETOK" (p_cursor OUT types.ref_cursor,
                                                      pa_id_typ_oddelenia Varchar2,
                                                      pa_id_typ_majetku Varchar2,
                                                      pa_datum_nak_od Varchar2,
                                                      pa_datum_nak_do Varchar2,
                                                      pa_akt_cena_od Varchar2,
                                                      pa_akt_cena_do VARCHAR2) AS 
BEGIN

    open p_cursor for 
    select popis, Celkova_cena
    from
    (
      select root,ROUND(sum(cenavolaka),2) as Celkova_cena
      from
      (
        select id_oddelenia, pop, id_typu_odd, id_oddelenia_parent, cenavolaka, Connect_BY_ROOT(id_oddelenia) root
        from
        (
          select Oddelenie.id_oddelenia, Oddelenie.popis as pop, id_typu_odd, id_oddelenia_parent, nvl(sum(AKTUALNA_CENA(datum_nakupu, zivotnost, nakupna_cena)), 0) as cenavolaka
          from oddelenie
          left join majetok on(Oddelenie.id_oddelenia = Majetok.id_oddelenia AND
                              datum_nakupu BETWEEN to_date(pa_datum_nak_od,'DD.MM.YYYY') AND to_date(pa_datum_nak_do,'DD.MM.YYYY') AND 
                              AKTUALNA_CENA(datum_nakupu, zivotnost, nakupna_cena) BETWEEN  to_number(pa_akt_cena_od) AND to_number(pa_akt_cena_do) and 
                              id_typu_majetku = pa_id_typ_majetku
                              )
          
          group by Oddelenie.id_oddelenia,Oddelenie.popis,id_oddelenia_parent,id_typu_odd
        )
        start with id_typu_odd = pa_id_typ_oddelenia
        connect by prior id_oddelenia = id_oddelenia_parent
      )
      group by root
    )
    join 
    (
    select id_oddelenia as root, popis
    from oddelenie
    )
    using (root);
END OP1_ZOBRAZ_CELK__CENU_MAJETOK;

/
--------------------------------------------------------
--  DDL for Procedure OP_10_VYP_ZAR_NA_SERV
--------------------------------------------------------
set define off;

  CREATE OR REPLACE PROCEDURE "SUROVIAK3"."OP_10_VYP_ZAR_NA_SERV" (p_cursor OUT types.ref_cursor,
                                                  pa_datum_do Varchar2) AS 
BEGIN
   open p_cursor for
    select Oddelenie.popis as Oddelenie,Typ_Majetku.popis,Majetok.popis as majetok,nakupna_cena, to_char(datum_nakupu,'DD.MM.YYYY') as Datum_nakupu, zivotnost,zaruka,sevisne_obdobie as Servisne_obdobie,decode(stav_majetku,'V','Vyradeny','P','Poskodeny',stav_majetku)as Stav 
    FROM Majetok join Oddelenie using(id_oddelenia) join typ_majetku using(id_typu_majetku)
    where sysdate-(mod(sysdate-datum_nakupu,sevisne_obdobie))+sevisne_obdobie 
          BETWEEN sysdate AND to_date(pa_datum_do,'DD.MM.YYYY');
END;

--11.ku ka�d�mu zariadeniu vyp�sa� celkov� cenu opr�v, ktor� boli vykonan� po�as z�ru�nej opravy.

/
--------------------------------------------------------
--  DDL for Procedure OP_11_CEN_OPR_POC_ZAR_OPR
--------------------------------------------------------
set define off;

  CREATE OR REPLACE PROCEDURE "SUROVIAK3"."OP_11_CEN_OPR_POC_ZAR_OPR" (p_cursor OUT types.ref_cursor) AS 
BEGIN
   open p_cursor for
    SELECT Majetok.popis as Majetok, typ_majetku.popis , SUM(aktivita.cena)+SUM(pocet_materialu*Material_na_aktivitu.nakupna_cena/pocet) as cena_oprav
    FROM majetok
    JOIN aktivita USING(id_majetok)
    JOIN typ_aktivity USING(id_typu_aktivity)
    JOIN typ_majetku USING(id_typu_majetku)
    JOIN Material_na_aktivitu USING(id_materialu)
    WHERE typ_aktivity.popis like 'oprava' AND
          cas_uskutocnenia between datum_nakupu and datum_nakupu + zaruka
    GROUP BY(id_majetok, typ_majetku.popis,Majetok.popis); 
END;

/
--------------------------------------------------------
--  DDL for Procedure OP_12_PREDR_KOMP
--------------------------------------------------------
set define off;

  CREATE OR REPLACE PROCEDURE "SUROVIAK3"."OP_12_PREDR_KOMP" (p_cursor OUT types.ref_cursor,
                                             pa_id_typ_oddelenia Varchar2 default 1,
                                             pa_datum_od Varchar2,
                                             pa_datum_do Varchar2) AS 
BEGIN
   open p_cursor for
    select Oddelenie,typ_majetku.popis as Typ_majetku, popiss as Majetok,cena
    from
    (
      select popis as popiss
      from
      (
        select id_oddelenia,popis
        from
        (
            select oddelenie.id_oddelenia, id_typu_odd, id_oddelenia_parent, majetok.popis, id_typu_majetku
            from oddelenie
            left join majetok on(majetok.id_oddelenia = oddelenie.id_oddelenia and datum_nakupu between pa_datum_od and pa_datum_do)
            where id_typu_odd >= to_number(pa_id_typ_oddelenia)
        )
      )
      group by popis
      having count(*) > 1 and popis is not null
    )
    join 
    (
      select distinct oddelenie.popis as Oddelenie, poo as popiss, cena, poradie,id_typu_majetku
      from
      (
        select Connect_BY_ROOT(id_oddelenia) root,id_typu_majetku, popis as poo, cena, poradie
        from
        (
            select id_oddelenia,id_typu_majetku, id_typu_odd, id_oddelenia_parent, majetok.popis, nakupna_cena as cena, row_number() over(partition by majetok.popis order by nakupna_cena desc) as poradie
            from oddelenie
            left join majetok using(id_oddelenia)
        )
        start with id_typu_odd = to_number(pa_id_typ_oddelenia)
        connect by prior id_oddelenia = id_oddelenia_parent
      )  
      join oddelenie on (oddelenie.id_oddelenia = root)
        
    ) using (popiss)
    join Typ_majetku using(id_typu_majetku)
    where poradie = 1;
END;

/
--------------------------------------------------------
--  DDL for Procedure OP_13_VYP_MAJ_NA_VYRAD
--------------------------------------------------------
set define off;

  CREATE OR REPLACE PROCEDURE "SUROVIAK3"."OP_13_VYP_MAJ_NA_VYRAD" (p_cursor OUT types.ref_cursor,
                                             pa_id_typ_oddelenia Varchar2 default 1) AS 
BEGIN
    open p_cursor for
      select oddelenie.popis as Oddelenie, lelelelele as Typ_Majetku, po as Majetok
      from
      (
        select Connect_BY_ROOT(id_oddelenia) root, pop as poo, po, lelelelele
        from
        (
           
          select id_oddelenia, popis as pop, id_typu_odd, id_oddelenia_parent, id_majetok, po, lelelelele
          from oddelenie
          left join
          (
            select id_oddelenia, majetok.popis as po, id_majetok, typ_majetku.popis as lelelelele
            from majetok 
            JOIN typ_majetku USING(id_typu_majetku)
            WHERE (stav_majetku like 'V' OR stav_majetku like 'P') OR
                  sysdate - datum_nakupu > zivotnost
          ) using(id_oddelenia)
        )
        where po is not null
        start with id_typu_odd = pa_id_typ_oddelenia
        connect by prior id_oddelenia = id_oddelenia_parent
      )  
      join oddelenie on (oddelenie.id_oddelenia = root);
END;

/
--------------------------------------------------------
--  DDL for Procedure OP_14_SLED_POC_ZAR
--------------------------------------------------------
set define off;

  CREATE OR REPLACE PROCEDURE "SUROVIAK3"."OP_14_SLED_POC_ZAR" (p_cursor out types.ref_cursor,
                                             pa_id_oddelenia varchar2 default 1,
                                             pa_odkedy varchar2,
                                             pa_dokedy varchar2,
                                             pa_id_typu_majetku varchar2) AS 
BEGIN
    open p_cursor for
      select popis as Oddelenie, pocet_majetku
      from
      (
        select root,count(distinct id_majetok) as pocet_majetku
        from
        (
          select id_typu_odd,id_oddelenia,id_majetok,popMaj, Connect_BY_ROOT(id_oddelenia) root
          from
          (
            SELECT id_majetok,id_oddelenia,id_oddelenia_parent,id_typu_odd,popMaj
            FROM Oddelenie
            JOIN Typ_Oddelenia USING(id_typu_odd)
            LEFT JOIN
            (
              select majetok.popis as popMaj, id_oddelenia, id_majetok
              from majetok
              join typ_majetku on(majetok.id_typu_majetku=typ_majetku.id_typu_majetku)
              where datum_nakupu between to_date(pa_odkedy,'DD.MM.YYYY') and to_date(pa_dokedy,'DD.MM.YYYY')
              AND typ_majetku.id_typu_majetku = pa_id_typu_majetku
            ) using(id_oddelenia)
          )
          start with id_oddelenia = to_number(pa_id_oddelenia)
          connect by prior id_oddelenia = id_oddelenia_parent
        )
        group by root
      )
      join 
      (
      select id_oddelenia as root, popis
      from oddelenie
      )
      using (root);
END;

/
--------------------------------------------------------
--  DDL for Procedure OP_15_VYP_MAJ_S_AKT_CENOU
--------------------------------------------------------
set define off;

  CREATE OR REPLACE PROCEDURE "SUROVIAK3"."OP_15_VYP_MAJ_S_AKT_CENOU" (p_cursor OUT types.ref_cursor,
                                             pa_rod_cislo Varchar2 default '%') AS 
BEGIN
    open p_cursor for
      select oddelenie.popis as Oddelenie,typ_oddelenia.popis as Typ_oddelenia, majetok.popis as Majetok, ROUND((nvl(sum(material_na_aktivitu.nakupna_cena*pocet_materialu),0)+aktualna_cena(majetok.datum_nakupu, majetok.zivotnost, majetok.nakupna_cena)),2) as aktualna_cena
      from majetok 
      --join oddelenie on(majetok.id_oddelenia=oddelenie.id_oddelenia)
      join zodpovednost on(majetok.id_majetok = zodpovednost.id_majetok)
      join pracovnik on(zodpovednost.osobne_cislo = pracovnik.osobne_cislo)
      join osoby on(pracovnik.rodne_cislo = osoby.rodne_cislo)
      left join aktivita on(majetok.id_majetok = aktivita.id_majetok)
      left join typ_aktivity on(typ_aktivity.id_typu_aktivity=Aktivita.id_typu_aktivity AND typ_aktivity.popis='rozsirenie'
      OR typ_aktivity.popis='oprava')
      left join material_na_aktivitu on(aktivita.id_materialu = material_na_aktivitu.id_materialu)
      join oddelenie on(majetok.id_oddelenia=oddelenie.id_oddelenia)
      join typ_oddelenia on(oddelenie.id_typu_odd=typ_oddelenia.id_typu_odd)
      where osoby.rodne_cislo like pa_rod_cislo
      GROUP BY oddelenie.popis, majetok.id_majetok, majetok.popis,aktualna_cena(majetok.datum_nakupu, majetok.zivotnost, majetok.nakupna_cena),typ_oddelenia.popis;
END;

/
--------------------------------------------------------
--  DDL for Procedure OP_16_OS_NA_KT_NAP_NAJV_MAJ
--------------------------------------------------------
set define off;

  CREATE OR REPLACE PROCEDURE "SUROVIAK3"."OP_16_OS_NA_KT_NAP_NAJV_MAJ" (p_cursor out types.ref_cursor,
                                             pa_typ_id_odd Varchar2 default 1) AS 
begin
    open p_cursor for 
        select distinct meno,priezvisko, hodnota_jed_os as celkova_hodnota_majetku_osoby,korenove_oddelenie from
        (
            select root,lev,osobne_cislo,meno,priezvisko,SUM(nakupna_cena) as hodnota_jed_os from
                            (select distinct AB.root,AB.lev,CD.nakupna_cena, CD.osobne_cislo, meno,priezvisko from (
                                        select id_typu_odd,popis,CONNECT_BY_ROOT(id_oddelenia) root, level as lev
                                        from(
                                                  select Typ_Oddelenia.popis,meno, priezvisko, rodne_cislo, id_oddelenia,id_oddelenia_parent, id_typu_odd
                                                  from Majetok 
                                                  JOIN Zodpovednost USING(id_majetok)
                                                  JOIN Pracovnik USING(osobne_cislo) 
                                                  JOIN osoby USING(rodne_cislo)
                                                  RIGHT JOIN Oddelenie USING(id_oddelenia)
                                                  JOIN Typ_Oddelenia USING(id_typu_odd)
                                        )
                                        start with id_typu_odd = pa_typ_id_odd --rob spajanie pre vsetky oddelenia s typom 1
                                        connect by prior id_oddelenia=id_oddelenia_parent--from bottom to top, zober list a chod postupne spajanim az ku korenu, pre kazdy riadok
                            ) ab,  (select meno, priezvisko, rodne_cislo,CONNECT_BY_ROOT(id_oddelenia) root, level as lev,nakupna_cena, osobne_cislo
                                        from(
                                                  select meno, priezvisko, rodne_cislo, id_oddelenia,id_oddelenia_parent, id_typu_odd, nakupna_cena,osobne_cislo
                                                  from Majetok 
                                                  JOIN Zodpovednost USING(id_majetok)
                                                  JOIN Pracovnik USING(osobne_cislo) 
                                                  JOIN osoby USING(rodne_cislo)
                                                  RIGHT JOIN Oddelenie USING(id_oddelenia)
                                                  JOIN Typ_Oddelenia USING(id_typu_odd)
                                        )
                                        where meno is not null
                                        start with id_typu_odd = pa_typ_id_odd --rob spajanie pre vsetky oddelenia s typom 1
                                        connect by prior id_oddelenia=id_oddelenia_parent--from bottom to top, zober list a chod postupne spajanim az ku korenu, pre kazdy riadok)
                                ) cd
                            where AB.root = CD.root AND ab.lev <= cd.lev 
                    )
                    group by root,lev,osobne_cislo,meno,priezvisko
            HAVING (root,lev,SUM(nakupna_cena)) in
            (
                select root, lev,MAX(hodnota_jed_os) from
                  (select root,lev,osobne_cislo,SUM(nakupna_cena) as hodnota_jed_os from
                                (select distinct AB.root,AB.lev,CD.nakupna_cena, CD.osobne_cislo from (
                                            select id_typu_odd,popis,CONNECT_BY_ROOT(id_oddelenia) root, level as lev
                                            from(
                                                      select Typ_Oddelenia.popis,meno, priezvisko, rodne_cislo, id_oddelenia,id_oddelenia_parent, id_typu_odd
                                                      from Majetok 
                                                      JOIN Zodpovednost USING(id_majetok)
                                                      JOIN Pracovnik USING(osobne_cislo) 
                                                      JOIN osoby USING(rodne_cislo)
                                                      RIGHT JOIN Oddelenie USING(id_oddelenia)
                                                      JOIN Typ_Oddelenia USING(id_typu_odd)
                                            )
                                            start with id_typu_odd = pa_typ_id_odd--rob spajanie pre vsetky oddelenia s typom 1
                                            connect by prior id_oddelenia=id_oddelenia_parent--from bottom to top, zober list a chod postupne spajanim az ku korenu, pre kazdy riadok
                                ) ab,  (select meno, priezvisko, rodne_cislo,CONNECT_BY_ROOT(id_oddelenia) root, level as lev,nakupna_cena, osobne_cislo
                                            from(
                                                      select meno, priezvisko, rodne_cislo, id_oddelenia,id_oddelenia_parent, id_typu_odd, nakupna_cena,osobne_cislo
                                                      from Majetok 
                                                      JOIN Zodpovednost USING(id_majetok)
                                                      JOIN Pracovnik USING(osobne_cislo) 
                                                      JOIN osoby USING(rodne_cislo)
                                                      RIGHT JOIN Oddelenie USING(id_oddelenia)
                                                      JOIN Typ_Oddelenia USING(id_typu_odd)
                                            )
                                            where meno is not null
                                            start with id_typu_odd =pa_typ_id_odd --rob spajanie pre vsetky oddelenia s typom 1
                                            connect by prior id_oddelenia=id_oddelenia_parent--from bottom to top, zober list a chod postupne spajanim az ku korenu, pre kazdy riadok)
                                    ) cd
                                where AB.root = CD.root AND ab.lev <= cd.lev 
                        )
                        group by root,lev,osobne_cislo
                )
                group by root, lev
            )
        )
        JOIN (select popis as korenove_oddelenie,root from(
                             select id_typu_odd,popis,CONNECT_BY_ROOT(id_oddelenia) root,id_oddelenia
                                  from(
                                            select oddelenie.popis,id_oddelenia,id_oddelenia_parent, id_typu_odd
                                            from Oddelenie
                                            JOIN Typ_Oddelenia USING(id_typu_odd)
                                  )
                                  start with id_typu_odd =pa_typ_id_odd --rob spajanie pre vsetky oddelenia s typom 1
                                  connect by prior id_oddelenia=id_oddelenia_parent--from bottom to top, zober list a chod postupne spajanim az ku korenu, pre kazdy riadok
                                 )
                 where id_oddelenia = root
                 )
        using(root);

end;

/
--------------------------------------------------------
--  DDL for Procedure OP2_ZOZNAM_PRIR_MAJETK_OS
--------------------------------------------------------
set define off;

  CREATE OR REPLACE PROCEDURE "SUROVIAK3"."OP2_ZOZNAM_PRIR_MAJETK_OS" (p_cursor OUT types.ref_cursor,
                                                      pa_rc_prac Varchar2,
                                                      pa_zodp_od Varchar2,
                                                      pa_zodp_do Varchar2,
                                                      pa_akt_cena_od Varchar2,
                                                      pa_akt_cena_do VARCHAR2) AS 
BEGIN

    open p_cursor for 
      SELECT meno, priezvisko,majetok.popis, case when stav_majetku = 'P' then 'Poskodeny' when stav_majetku = 'V' then 'Vyradeny' end as stav, od_kedy, do_kedy
      FROM Majetok
      JOIN Zodpovednost USING(id_majetok)
      JOIN Pracovnik USING(osobne_cislo)
      JOIN osoby USING(rodne_cislo)
    WHERE rodne_cislo like pa_rc_prac AND
          (od_kedy BETWEEN to_date(pa_zodp_od,'DD.MM.YYYY') AND sysdate OR
           do_kedy BETWEEN sysdate AND to_date(pa_zodp_do,'DD.MM.YYYY'))
          AND AKTUALNA_CENA(datum_nakupu, zivotnost, nakupna_cena) BETWEEN  to_number(pa_akt_cena_od) AND to_number(pa_akt_cena_do);
END OP2_ZOZNAM_PRIR_MAJETK_OS;

/
--------------------------------------------------------
--  DDL for Procedure OP3_STAT_SPOT_MAT
--------------------------------------------------------
set define off;

  CREATE OR REPLACE PROCEDURE "SUROVIAK3"."OP3_STAT_SPOT_MAT" (p_cursor OUT types.ref_cursor,
                                              pa_typ_oddelenia Varchar2,
                                              pa_typ_materialu Varchar2 default '%') AS 
BEGIN

    open p_cursor for 
    select popis as Oddelenie, popMat as Material, spotreba
    from
    (
      select popMat,root,sum(pocet) as spotreba
      from
      (
        select id_typu_materialu,popMat,id_oddelenia, pop, id_typu_odd, id_oddelenia_parent,typ_materialu, pocet, Connect_BY_ROOT(id_oddelenia) root
        from
        (
          SELECT tm.id_typu_materialu,tm.popis as popMat,Oddelenie.popis,id_typu_odd,id_oddelenia,id_oddelenia_parent,Typ_oddelenia.popis as pop,tm.popis as typ_materialu,nvl(SUM(pocet_materialu),0) as pocet
          FROM Oddelenie
          JOIN Typ_oddelenia USING(id_typu_odd)
          LEFT JOIN Material_na_aktivitu ma USING(id_oddelenia)
          LEFT JOIN Aktivita USING(id_materialu)
          LEFT JOIN Typ_materialu tm ON(tm.id_typu_materialu = ma.id_typu_materialu AND je_spotrebny='1')
          GROUP BY id_oddelenia,ma.id_typu_materialu,Typ_oddelenia.popis,tm.popis,Oddelenie.popis,id_oddelenia_parent,id_typu_odd, tm.id_typu_materialu, tm.popis
          ORDER BY 1,2
        )
        start with id_typu_odd = to_number(pa_typ_oddelenia)
        connect by prior id_oddelenia = id_oddelenia_parent
      )
      where id_typu_materialu like pa_typ_materialu
      group by root,popMat
      having sum(pocet) > 0
      order by root
    )
    join 
    (
    select id_oddelenia as root, popis
    from oddelenie
    )
    using (root);
END;

/
--------------------------------------------------------
--  DDL for Procedure OP4_STAT_SPOL_TLAC
--------------------------------------------------------
set define off;

  CREATE OR REPLACE PROCEDURE "SUROVIAK3"."OP4_STAT_SPOL_TLAC" (p_cursor OUT types.ref_cursor,
                                              pa_id_majetok Varchar2 default '%',
                                              pa_model_tlaciarne Varchar2 default '%') AS 
BEGIN

    open p_cursor for 
      SELECT ma.popis as Rozmnozovacia_technika,ROUND(1-(1/(sysdate-ma.datum_nakupu)*NVL(SUM(l.trvanie_aktivity),0)),2) as spolahlivost
      FROM InfoTlaciaren it
      JOIN Majetok ma on(ma.id_majetok=it.id_majetok)
      LEFT JOIN (
          SELECT *
          FROM aktivita
          JOIN typ_aktivity using (id_typu_aktivity)
          where typ_aktivity.popis = 'oprava'
      ) l
      on(l.id_majetok=ma.id_majetok)
      where (ma.id_majetok like pa_id_majetok and
      extractvalue(it.info,'//model') like pa_model_tlaciarne)
      GROUP BY ma.id_majetok,ma.popis,ma.datum_nakupu,l.trvanie_aktivity
      ORDER by spolahlivost;
END;

/
--------------------------------------------------------
--  DDL for Procedure OP5_STAT_TLAC_VZHL_TL
--------------------------------------------------------
set define off;

  CREATE OR REPLACE PROCEDURE "SUROVIAK3"."OP5_STAT_TLAC_VZHL_TL" (p_cursor OUT types.ref_cursor,
                                                  pa_od Varchar2,
                                                  pa_do Varchar2) AS 
BEGIN

    open p_cursor for 
        SELECT majetok.popis AS Rozmnozovacia_technika, 
        ROUND(SUM(material_na_aktivitu.nakupna_cena/pocet*pocet_materialu)/vytlacene_strany(majetok.id_majetok,to_date(pa_od,'DD.MM.YYYY'),to_date(pa_do,'DD.MM.YYYY')), 2) as jednotkova_cena_tlace
        FROM  majetok JOIN aktivita ON(majetok.id_majetok = aktivita.id_majetok)
        JOIN material_na_aktivitu ON(material_na_aktivitu.id_materialu  = aktivita.id_materialu)
        JOIN typ_aktivity ON(aktivita.id_typu_aktivity = typ_aktivity.id_typu_aktivity)
        JOIN infotlaciaren ON(majetok.id_majetok = infotlaciaren.id_majetok)
        where cas_uskutocnenia between to_date(pa_od,'DD.MM.YYYY') and to_date(pa_do,'DD.MM.YYYY') and typ_aktivity.popis like 'doplnanie%'
        GROUP BY majetok.id_majetok, majetok.popis
        having vytlacene_strany(majetok.id_majetok,to_date(pa_od,'DD.MM.YYYY'),to_date(pa_do,'DD.MM.YYYY')) is not null;
END;

--6. vyp�te  v�voj  spotreby  materi�lu  a n�kladov  na  prev�dzku  jednotliv�ch  typov  tla�iarn� 
--a rozmno�ovacej techniky za zadan� obdobie a zadanou presnos�ou (mesa�ne, polro�ne,  ro�ne)

/
--------------------------------------------------------
--  DDL for Procedure OP6_NAKL_PREV_TLAC
--------------------------------------------------------
set define off;

  CREATE OR REPLACE PROCEDURE "SUROVIAK3"."OP6_NAKL_PREV_TLAC" (p_cursor OUT types.ref_cursor,
                                                  pa_od Varchar2,
                                                  pa_do Varchar2,
                                                  pa_presnost Varchar2) AS 
begin
    case
    when pa_presnost like 'm' then
    open p_cursor for 
        SELECT Typ_aktivity.popis,EXTRACTVALUE(it.info,'//typ') as typ_tlaciarne, TO_CHAR(cas_uskutocnenia, 'MM') as mesiac,TO_CHAR(cas_uskutocnenia, 'YYYY') as rok, sum(pocet_materialu) as pocet, sum(mna.nakupna_cena*pocet_materialu/mna.pocet) as naklady
        FROM Majetok maj
        JOIN Aktivita ak ON(ak.id_majetok=maj.id_majetok)
        JOIN INfoTLaciaren it ON(maj.id_majetok=it.id_majetok)
        join typ_aktivity using(id_typu_aktivity)
        join material_na_aktivitu mna using(id_materialu)
        WHERE sprav_datum_z_timestampu(cas_uskutocnenia) BETWEEN sprav_datum(pa_od) AND sprav_datum(pa_do)
              AND (typ_aktivity.popis like 'doplnanie%' OR typ_aktivity.popis = 'tlac')
        GROUP BY EXTRACTVALUE(it.info,'//typ'), TO_CHAR(cas_uskutocnenia, 'MM'),TO_CHAR(cas_uskutocnenia, 'YYYY'), id_typu_aktivity,Typ_aktivity.popis
        ORDER by TO_CHAR(cas_uskutocnenia, 'YYYY'),TO_CHAR(cas_uskutocnenia, 'MM'), id_typu_aktivity;
      
    when pa_presnost like 'p' then
    open p_cursor for 
        select typ_aktivity.popis,extractvalue(it.info,'//typ') as typ_tlaciarne,case 
        when TO_CHAR(cas_uskutocnenia, 'MM') < 7 then 1 else 2 end as polrok, TO_CHAR(cas_uskutocnenia, 'YYYY') as rok, sum(pocet_materialu) as pocet, sum(mna.nakupna_cena*pocet_materialu/mna.pocet) as naklady
        FROM Majetok maj
        JOIN Aktivita ak ON(ak.id_majetok=maj.id_majetok)
        JOIN INfoTLaciaren it ON(maj.id_majetok=it.id_majetok)
        join typ_aktivity using(id_typu_aktivity)
        join material_na_aktivitu mna using(id_materialu)
        WHERE cas_uskutocnenia BETWEEN to_date(pa_od,'DD.MM.YYYY') AND to_date(pa_do,'DD.MM.YYYY')
              AND (typ_aktivity.popis like 'doplnanie%' OR typ_aktivity.popis = 'tlac')
        GROUP BY EXTRACTVALUE(it.info,'//typ'),case 
          when TO_CHAR(cas_uskutocnenia, 'MM') < 7 then 1 else 2 end, TO_CHAR(cas_uskutocnenia, 'YYYY'), id_typu_aktivity,Typ_aktivity.popis
        ORDER by  case 
          when TO_CHAR(cas_uskutocnenia, 'MM') < 7 then 1 else 2 end, TO_CHAR(cas_uskutocnenia, 'YYYY'),id_typu_aktivity;
    
    else
    open p_cursor for
        SELECT Typ_aktivity.popis,EXTRACTVALUE(it.info,'//typ') as typ_tlaciarne, TO_CHAR(cas_uskutocnenia, 'YYYY') as rok, sum(pocet_materialu) as pocet, sum(mna.nakupna_cena*pocet_materialu/mna.pocet) as naklady
        FROM Majetok maj
        JOIN Aktivita ak ON(ak.id_majetok=maj.id_majetok)
        JOIN INfoTLaciaren it ON(maj.id_majetok=it.id_majetok)
        JOIN typ_aktivity USING(id_typu_aktivity)
        join material_na_aktivitu mna using(id_materialu)
        WHERE cas_uskutocnenia BETWEEN to_date(pa_od,'DD.MM.YYYY') AND to_date(pa_do,'DD.MM.YYYY')
              AND (typ_aktivity.popis like 'doplnanie%' OR typ_aktivity.popis = 'tlac')
        GROUP BY EXTRACTVALUE(it.info,'//typ'), TO_CHAR(cas_uskutocnenia, 'YYYY'), id_typu_aktivity,Typ_aktivity.popis
        ORDER by TO_CHAR(cas_uskutocnenia, 'YYYY'),id_typu_aktivity;
    
    end case;
END;

/
--------------------------------------------------------
--  DDL for Procedure OP_7_NAJPOR_ZAR
--------------------------------------------------------
set define off;

  CREATE OR REPLACE PROCEDURE "SUROVIAK3"."OP_7_NAJPOR_ZAR" (p_cursor OUT types.ref_cursor,
                                                 pa_def_kat Varchar2) AS 
BEGIN
   open p_cursor for
    SELECT *
    from(
      SELECT Majetok.popis as Majetok, Typ_Majetku.popis as Popis, RANK() OVER(PARTITION BY id_typu_majetku ORDER BY COUNT(*) DESC) as poradie
      FROM Majetok
      JOIN Typ_Majetku using(id_typu_majetku)
      JOIN Aktivita using(id_majetok) 
      JOIN Typ_AKTIVITY USING(id_typu_aktivity)
      where typ_aktivity.popis='oprava'
      and  id_typu_majetku = pa_def_kat
      group by id_typu_majetku,Majetok.popis, Typ_Majetku.popis
    )WHERE poradie <= 3;
END;

/
--------------------------------------------------------
--  DDL for Procedure OP_8_NAJDR_SERV_V_CELEJ_ORG
--------------------------------------------------------
set define off;

  CREATE OR REPLACE PROCEDURE "SUROVIAK3"."OP_8_NAJDR_SERV_V_CELEJ_ORG" (p_cursor OUT types.ref_cursor) AS 
BEGIN
   open p_cursor for
    SELECT * 
    from (
          select majetok.popis as majetok,round((sum(nvl(pocet_materialu*material_na_aktivitu.nakupna_cena,0)))+aktualna_cena(majetok.datum_nakupu, majetok.zivotnost, majetok.nakupna_cena),2) as Celkova_suma,
          rank() OVER(ORDER BY (SUM(NVL(pocet_materialu*Material_na_aktivitu.nakupna_cena,0)))+AKTUALNA_CENA(Majetok.datum_nakupu, Majetok.zivotnost, Majetok.nakupna_cena) DESC) as Poradie
          FROM Majetok 
          JOIN typ_majetku ON(Majetok.id_typu_majetku=Typ_majetku.id_typu_majetku)
    LEFT join
    (
          select id_majetok, id_materialu, pocet_materialu
          from aktivita 
          JOIN typ_aktivity ON(aktivita.id_typu_aktivity=Typ_aktivity.id_typu_aktivity AND (Typ_Aktivity.popis='rozsirenie'  OR Typ_Aktivity.popis='oprava'))
    ) ee ON (Majetok.id_majetok=ee.id_majetok)
    LEFT JOIN Material_na_aktivitu USING(id_materialu)
    where typ_majetku.popis = 'server'
    GROUP BY Majetok.id_majetok,AKTUALNA_CENA(Majetok.datum_nakupu, Majetok.zivotnost, Majetok.nakupna_cena),Majetok.popis
    )where Poradie<=3;
END;

--9.  v�pis technick�ch zariaden� pre ka�d� organiza�n� zlo�ku (napr. katedru, fakultu), ktor� ani po 5tich rokoch
--prev�dzky nepotrebovali �iaden servis (napr. n�hradn� diel, opravu),

/
--------------------------------------------------------
--  DDL for Procedure OP_9_PO_5_ROK_NEP_OPR
--------------------------------------------------------
set define off;

  CREATE OR REPLACE PROCEDURE "SUROVIAK3"."OP_9_PO_5_ROK_NEP_OPR" (p_cursor OUT types.ref_cursor,
                                                  pa_id_typ_odd Varchar2) AS 
BEGIN
   open p_cursor for
    select popis as Oddelenie,popMaj as Majetok, popmaja as Typ_Majetku
    from
    (
      select root,id_majetok,popMaj
      from
      (
        select id_typu_odd,id_oddelenia,id_majetok,popMaj, Connect_BY_ROOT(id_oddelenia) root
        from
        (
          SELECT Majetok.id_majetok,Oddelenie.id_oddelenia,Oddelenie.id_oddelenia_parent,id_typu_odd,Majetok.popis as popMaj
          FROM Oddelenie
          JOIN Typ_Oddelenia USING(id_typu_odd)
          LEFT JOIN MAJETOK ON(Majetok.id_oddelenia = Oddelenie.id_oddelenia 
                                    AND Majetok.id_majetok NOT IN(SELECT id_majetok 
                                                      from Aktivita 
                                                      JOIN typ_aktivity USING(id_typu_aktivity)
                                                      WHERE typ_aktivity.popis='oprava' 
                                                      AND TO_CHAR(cas_uskutocnenia,'YYYY')-TO_CHAR(datum_nakupu,'YYYY')<5)
                                    AND TO_CHAR(sysdate,'YYYY')-TO_CHAR(datum_nakupu,'YYYY')>=5)
          GROUP BY Majetok.id_majetok,Oddelenie.id_oddelenia,Oddelenie.id_oddelenia_parent,id_typu_odd,Majetok.popis
        )
        start with id_typu_odd = to_number(pa_id_typ_odd)
        connect by prior id_oddelenia = id_oddelenia_parent
      )
      group by root,id_majetok,popMaj
      having id_majetok is not null
    )
    join 
    (
    select id_oddelenia as root, popis
    from oddelenie
    )
    using (root)
    join
    (
      select majetok.id_majetok as id_majetok, typ_majetku.popis as popmaja
      from typ_majetku
      join majetok using(id_typu_majetku)
    )using (id_majetok);
END;

/
--------------------------------------------------------
--  DDL for Procedure GET_MAJETKY
--------------------------------------------------------
set define off;

  CREATE OR REPLACE PROCEDURE "SUROVIAK3"."GET_MAJETKY" (p_cursor OUT types.ref_cursor) AS
BEGIN
 open p_cursor for
    select id_majetok, popis from Majetok;
END;

/
--------------------------------------------------------
--  DDL for Procedure GET_MATERIALY
--------------------------------------------------------
set define off;

  CREATE OR REPLACE PROCEDURE "SUROVIAK3"."GET_MATERIALY" (p_cursor OUT types.ref_cursor)AS
BEGIN
   open p_cursor for
    SELECT id_materialu,popis FROM MATERIAL_NA_AKTIVITU JOIN TYP_MATERIALU USING (id_typu_materialu);
END;

/
--------------------------------------------------------
--  DDL for Procedure GET_MODELY_TLACIARNI
--------------------------------------------------------
set define off;

  CREATE OR REPLACE PROCEDURE "SUROVIAK3"."GET_MODELY_TLACIARNI" (p_cursor OUT types.ref_cursor) AS
BEGIN
 open p_cursor for
    select distinct EXTRACTVALUE(info,'//model') from Infotlaciaren;
END;

/
--------------------------------------------------------
--  DDL for Procedure GET_NEVYRADENE_MAJETKY
--------------------------------------------------------
set define off;

  CREATE OR REPLACE PROCEDURE "SUROVIAK3"."GET_NEVYRADENE_MAJETKY" (p_cursor OUT types.ref_cursor)AS
begin
  open p_cursor for
      select id_majetok, popis from Majetok
      where stav_majetku is null;
end;

/
--------------------------------------------------------
--  DDL for Procedure GET_ODDELENIA
--------------------------------------------------------
set define off;

  CREATE OR REPLACE PROCEDURE "SUROVIAK3"."GET_ODDELENIA" (p_cursor OUT types.ref_cursor)AS
BEGIN
   open p_cursor for
    select  id_oddelenia,lpad(' ', 2*id_typu_odd) || popis as popis
    from oddelenie
    start with id_typu_odd = 1
    connect by prior id_oddelenia = id_oddelenia_parent;
END;

/
--------------------------------------------------------
--  DDL for Procedure GET_OSOBY
--------------------------------------------------------
set define off;

  CREATE OR REPLACE PROCEDURE "SUROVIAK3"."GET_OSOBY" (p_cursor OUT types.ref_cursor)AS
begin
  open p_cursor for
      select meno,priezvisko,rodne_cislo from osoby;
end;

/
--------------------------------------------------------
--  DDL for Procedure GET_ROD_CISLO_PRACOVNIKA
--------------------------------------------------------
set define off;

  CREATE OR REPLACE PROCEDURE "SUROVIAK3"."GET_ROD_CISLO_PRACOVNIKA" (p_cursor OUT types.ref_cursor)AS
BEGIN
   open p_cursor for
    SELECT distinct meno,priezvisko,rodne_cislo,osobne_cislo FROM PRACOVNIK join OSOBY using(rodne_cislo);
END;

/
--------------------------------------------------------
--  DDL for Synonymn XMLTYPE
--------------------------------------------------------

  CREATE OR REPLACE PUBLIC SYNONYM "XMLTYPE" FOR "SYS"."XMLTYPE";
--------------------------------------------------------
--  DDL for Synonymn DUAL
--------------------------------------------------------

  CREATE OR REPLACE PUBLIC SYNONYM "DUAL" FOR "SYS"."DUAL";
--------------------------------------------------------
--  DDL for Synonymn OWA_UTIL
--------------------------------------------------------

  CREATE OR REPLACE PUBLIC SYNONYM "OWA_UTIL" FOR "SYS"."OWA_UTIL";
--------------------------------------------------------
--  DDL for Synonymn DBMS_LOB
--------------------------------------------------------

  CREATE OR REPLACE PUBLIC SYNONYM "DBMS_LOB" FOR "SYS"."DBMS_LOB";
--------------------------------------------------------
--  DDL for Synonymn DBMS_SQL
--------------------------------------------------------

  CREATE OR REPLACE PUBLIC SYNONYM "DBMS_SQL" FOR "SYS"."DBMS_SQL";
--------------------------------------------------------
--  DDL for Synonymn HTP
--------------------------------------------------------

  CREATE OR REPLACE PUBLIC SYNONYM "HTP" FOR "SYS"."HTP";
--------------------------------------------------------
--  DDL for Synonymn PLITBLM
--------------------------------------------------------

  CREATE OR REPLACE PUBLIC SYNONYM "PLITBLM" FOR "SYS"."PLITBLM";
--------------------------------------------------------
--  DDL for Synonymn WPG_DOCLOAD
--------------------------------------------------------

  CREATE OR REPLACE PUBLIC SYNONYM "WPG_DOCLOAD" FOR "SYS"."WPG_DOCLOAD";
